city_id,agent_normalized,agent_display,matched,phone,website,address,source,confidence_note
bangalore,27 estates,27 Estates,0,,,,,"GOOGLE_MAPS_API_KEY not set, lookup skipped"
bangalore,4 m realty,4 M Realty,0,,,,,"GOOGLE_MAPS_API_KEY not set, lookup skipped"
bangalore,4 walls realty,4 Walls Realty,0,,,,,"GOOGLE_MAPS_API_KEY not set, lookup skipped"
bangalore,a m,A M,0,,,,,"GOOGLE_MAPS_API_KEY not set, lookup skipped"
bangalore,abdul majeed nasir,Abdul Majeed Nasir,0,,,,,"GOOGLE_MAPS_API_KEY not set, lookup skipped"
bangalore,acua realtor,Acua Realtor,0,,,,,"GOOGLE_MAPS_API_KEY not set, lookup skipped"
bangalore,adrez advisors private limited,Adrez Advisors Private Limited,0,,,,,"GOOGLE_MAPS_API_KEY not set, lookup skipped"
bangalore,advik media and reality,Advik Media And Reality,0,,,,,"GOOGLE_MAPS_API_KEY not set, lookup skipped"
bangalore,agarwal estates,Agarwal Estates,0,,,,,"GOOGLE_MAPS_API_KEY not set, lookup skipped"
bangalore,agarwal realty and investment,Agarwal Realty And Investment,0,,,,,"GOOGLE_MAPS_API_KEY not set, lookup skipped"
bangalore,ahujaa realtors,Ahujaa Realtors,0,,,,,"GOOGLE_MAPS_API_KEY not set, lookup skipped"
bangalore,ak prime heritage,AK Prime Heritage,0,,,,,"GOOGLE_MAPS_API_KEY not set, lookup skipped"
bangalore,akash k,AKASH K,0,,,,,"GOOGLE_MAPS_API_KEY not set, lookup skipped"
bangalore,akram,Akram,0,,,,,"GOOGLE_MAPS_API_KEY not set, lookup skipped"
bangalore,akshaya wealth management pvt ltd,Akshaya Wealth Management Pvt Ltd,0,,,,,"GOOGLE_MAPS_API_KEY not set, lookup skipped"
bangalore,amazon prime properties,Amazon Prime Properties,0,,,,,"GOOGLE_MAPS_API_KEY not set, lookup skipped"
bangalore,ambit realty,Ambit Realty,0,,,,,"GOOGLE_MAPS_API_KEY not set, lookup skipped"
bangalore,amrutha rama constructions pvt. ltd.,Amrutha Rama Constructions Pvt. Ltd.,0,,,,,"GOOGLE_MAPS_API_KEY not set, lookup skipped"
bangalore,amrutha shelters pvt. ltd.,Amrutha Shelters Pvt. Ltd.,0,,,,,"GOOGLE_MAPS_API_KEY not set, lookup skipped"
bangalore,animesh sahni & co,Animesh Sahni & Co,0,,,,,"GOOGLE_MAPS_API_KEY not set, lookup skipped"
bangalore,aol realty,AOL Realty,0,,,,,"GOOGLE_MAPS_API_KEY not set, lookup skipped"
bangalore,apple realty,Apple Realty,0,,,,,"GOOGLE_MAPS_API_KEY not set, lookup skipped"
bangalore,arbin,Arbin,0,,,,,"GOOGLE_MAPS_API_KEY not set, lookup skipped"
bangalore,arvind vijay,Arvind Vijay,0,,,,,"GOOGLE_MAPS_API_KEY not set, lookup skipped"
bangalore,aryan landmarks,Aryan Landmarks,0,,,,,"GOOGLE_MAPS_API_KEY not set, lookup skipped"
bangalore,aryan ventures,Aryan Ventures,0,,,,,"GOOGLE_MAPS_API_KEY not set, lookup skipped"
bangalore,as properties,AS Properties,0,,,,,"GOOGLE_MAPS_API_KEY not set, lookup skipped"
bangalore,assetz property group,Assetz Property Group,0,,,,,"GOOGLE_MAPS_API_KEY not set, lookup skipped"
bangalore,aureus realtors,Aureus Realtors,0,,,,,"GOOGLE_MAPS_API_KEY not set, lookup skipped"
bangalore,avenuez re solutions,Avenuez RE Solutions,0,,,,,"GOOGLE_MAPS_API_KEY not set, lookup skipped"
bangalore,avish reddy,Avish Reddy,0,,,,,"GOOGLE_MAPS_API_KEY not set, lookup skipped"
bangalore,azgar ali,Azgar Ali,0,,,,,"GOOGLE_MAPS_API_KEY not set, lookup skipped"
bangalore,bangalore assetz,Bangalore Assetz,0,,,,,"GOOGLE_MAPS_API_KEY not set, lookup skipped"
bangalore,bangalore homez,Bangalore Homez,0,,,,,"GOOGLE_MAPS_API_KEY not set, lookup skipped"
bangalore,bangalore house,Bangalore House,0,,,,,"GOOGLE_MAPS_API_KEY not set, lookup skipped"
bangalore,best home reality,Best Home Reality,0,,,,,"GOOGLE_MAPS_API_KEY not set, lookup skipped"
bangalore,bharath ks,BHARATH KS,0,,,,,"GOOGLE_MAPS_API_KEY not set, lookup skipped"
bangalore,blr properties,BLR Properties,0,,,,,"GOOGLE_MAPS_API_KEY not set, lookup skipped"
bangalore,blueco realty,Blueco Realty,0,,,,,"GOOGLE_MAPS_API_KEY not set, lookup skipped"
bangalore,brick and floor pvt ltd,Brick And Floor Pvt Ltd,0,,,,,"GOOGLE_MAPS_API_KEY not set, lookup skipped"
bangalore,bright properties,Bright Properties,0,,,,,"GOOGLE_MAPS_API_KEY not set, lookup skipped"
bangalore,capital realty,Capital Realty,0,,,,,"GOOGLE_MAPS_API_KEY not set, lookup skipped"
bangalore,capitol consultants,Capitol Consultants,0,,,,,"GOOGLE_MAPS_API_KEY not set, lookup skipped"
bangalore,casagrand builder pvt. ltd.,Casagrand Builder Pvt. Ltd.,0,,,,,"GOOGLE_MAPS_API_KEY not set, lookup skipped"
bangalore,castle & nest realty,Castle & Nest Realty,0,,,,,"GOOGLE_MAPS_API_KEY not set, lookup skipped"
bangalore,cbre south asia pvt ltd.,CBRE South Asia Pvt Ltd.,0,,,,,"GOOGLE_MAPS_API_KEY not set, lookup skipped"
bangalore,chalukya realty pvt. ltd.,Chalukya Realty Pvt. Ltd.,0,,,,,"GOOGLE_MAPS_API_KEY not set, lookup skipped"
bangalore,chandrasekhar reddy,Chandrasekhar Reddy,0,,,,,"GOOGLE_MAPS_API_KEY not set, lookup skipped"
bangalore,chethan,Chethan,0,,,,,"GOOGLE_MAPS_API_KEY not set, lookup skipped"
bangalore,city blocks,City Blocks,0,,,,,"GOOGLE_MAPS_API_KEY not set, lookup skipped"
bangalore,classic estate agency,Classic Estate Agency,0,,,,,"GOOGLE_MAPS_API_KEY not set, lookup skipped"
bangalore,coldwell banker value add realty,Coldwell Banker Value Add Realty,0,,,,,"GOOGLE_MAPS_API_KEY not set, lookup skipped"
bangalore,crystal homes,Crystal Homes,0,,,,,"GOOGLE_MAPS_API_KEY not set, lookup skipped"
bangalore,cubic feet realty,Cubic Feet Realty,0,,,,,"GOOGLE_MAPS_API_KEY not set, lookup skipped"
bangalore,cyrus estates,Cyrus Estates,0,,,,,"GOOGLE_MAPS_API_KEY not set, lookup skipped"
bangalore,daulaths estate,Daulaths Estate,0,,,,,"GOOGLE_MAPS_API_KEY not set, lookup skipped"
bangalore,deepak,Deepak,0,,,,,"GOOGLE_MAPS_API_KEY not set, lookup skipped"
bangalore,dhn realtors,DHN Realtors,0,,,,,"GOOGLE_MAPS_API_KEY not set, lookup skipped"
bangalore,dinesh,Dinesh,0,,,,,"GOOGLE_MAPS_API_KEY not set, lookup skipped"
bangalore,dishahabitat projects llp,Dishahabitat Projects LLP,0,,,,,"GOOGLE_MAPS_API_KEY not set, lookup skipped"
bangalore,dreamloft estate,Dreamloft Estate,0,,,,,"GOOGLE_MAPS_API_KEY not set, lookup skipped"
bangalore,dreams realty,Dreams Realty,0,,,,,"GOOGLE_MAPS_API_KEY not set, lookup skipped"
bangalore,dreams squaire properties,Dreams Squaire Properties,0,,,,,"GOOGLE_MAPS_API_KEY not set, lookup skipped"
bangalore,dreams2walls realty,Dreams2walls Realty,0,,,,,"GOOGLE_MAPS_API_KEY not set, lookup skipped"
bangalore,dright properties,Dright Properties,0,,,,,"GOOGLE_MAPS_API_KEY not set, lookup skipped"
bangalore,ds max properties pvt ltd,DS MAX Properties Pvt Ltd,0,,,,,"GOOGLE_MAPS_API_KEY not set, lookup skipped"
bangalore,dwellabode,Dwellabode,0,,,,,"GOOGLE_MAPS_API_KEY not set, lookup skipped"
bangalore,dzire homes,Dzire Homes,0,,,,,"GOOGLE_MAPS_API_KEY not set, lookup skipped"
bangalore,east coast living,East Coast Living,0,,,,,"GOOGLE_MAPS_API_KEY not set, lookup skipped"
bangalore,easy keys,Easy Keys,0,,,,,"GOOGLE_MAPS_API_KEY not set, lookup skipped"
bangalore,ehook realty,Ehook Realty,0,,,,,"GOOGLE_MAPS_API_KEY not set, lookup skipped"
bangalore,ekansh realty,Ekansh Realty,0,,,,,"GOOGLE_MAPS_API_KEY not set, lookup skipped"
bangalore,emerald properties,Emerald Properties,0,,,,,"GOOGLE_MAPS_API_KEY not set, lookup skipped"
bangalore,emirates realty,Emirates Realty,0,,,,,"GOOGLE_MAPS_API_KEY not set, lookup skipped"
bangalore,emma stanley pvt ltd,Emma Stanley Pvt Ltd,0,,,,,"GOOGLE_MAPS_API_KEY not set, lookup skipped"
bangalore,envotancy private limited,ENVOTANCY PRIVATE LIMITED,0,,,,,"GOOGLE_MAPS_API_KEY not set, lookup skipped"
bangalore,ess &amp; ess infrastructure pvt. ltd,ESS &Amp; ESS Infrastructure Pvt. Ltd,0,,,,,"GOOGLE_MAPS_API_KEY not set, lookup skipped"
bangalore,ess marketing,ESS MARKETING,0,,,,,"GOOGLE_MAPS_API_KEY not set, lookup skipped"
bangalore,estatesquad services pvt ltd,Estatesquad Services Pvt Ltd,0,,,,,"GOOGLE_MAPS_API_KEY not set, lookup skipped"
bangalore,farooq,Farooq,0,,,,,"GOOGLE_MAPS_API_KEY not set, lookup skipped"
bangalore,forte real estate,Forte Real Estate,0,,,,,"GOOGLE_MAPS_API_KEY not set, lookup skipped"
bangalore,fortune estate,Fortune Estate,0,,,,,"GOOGLE_MAPS_API_KEY not set, lookup skipped"
bangalore,fusion properties pvt ltd,Fusion Properties Pvt Ltd,0,,,,,"GOOGLE_MAPS_API_KEY not set, lookup skipped"
bangalore,g r reality,G R Reality,0,,,,,"GOOGLE_MAPS_API_KEY not set, lookup skipped"
bangalore,gajendra mn,GAJENDRA MN,0,,,,,"GOOGLE_MAPS_API_KEY not set, lookup skipped"
bangalore,gatedhomes,GatedHomes,0,,,,,"GOOGLE_MAPS_API_KEY not set, lookup skipped"
bangalore,genius properties,Genius Properties,0,,,,,"GOOGLE_MAPS_API_KEY not set, lookup skipped"
bangalore,getta properties,Getta Properties,0,,,,,"GOOGLE_MAPS_API_KEY not set, lookup skipped"
bangalore,global edifice infra,GLOBAL EDIFICE INFRA,0,,,,,"GOOGLE_MAPS_API_KEY not set, lookup skipped"
bangalore,global enterprises,Global Enterprises,0,,,,,"GOOGLE_MAPS_API_KEY not set, lookup skipped"
bangalore,globalmates,Globalmates,0,,,,,"GOOGLE_MAPS_API_KEY not set, lookup skipped"
bangalore,go spaze realty,Go Spaze Realty,0,,,,,"GOOGLE_MAPS_API_KEY not set, lookup skipped"
bangalore,golden bricks,Golden Bricks,0,,,,,"GOOGLE_MAPS_API_KEY not set, lookup skipped"
bangalore,golden bricks properties,Golden Bricks Properties,0,,,,,"GOOGLE_MAPS_API_KEY not set, lookup skipped"
bangalore,govardhan real estate,Govardhan Real Estate,0,,,,,"GOOGLE_MAPS_API_KEY not set, lookup skipped"
bangalore,goyal & co and hariyana group,Goyal & Co And Hariyana Group,0,,,,,"GOOGLE_MAPS_API_KEY not set, lookup skipped"
bangalore,green space estates estates,GREEN SPACE ESTATES ESTATES,0,,,,,"GOOGLE_MAPS_API_KEY not set, lookup skipped"
bangalore,gruhatara estates pvt ltd,Gruhatara Estates Pvt Ltd,0,,,,,"GOOGLE_MAPS_API_KEY not set, lookup skipped"
bangalore,habulus builders and developers private limited,Habulus Builders And Developers Private Limited,0,,,,,"GOOGLE_MAPS_API_KEY not set, lookup skipped"
bangalore,hanu reddy realty india pvt. ltd.,Hanu Reddy Realty India Pvt. Ltd.,0,,,,,"GOOGLE_MAPS_API_KEY not set, lookup skipped"
bangalore,harisha,Harisha,0,,,,,"GOOGLE_MAPS_API_KEY not set, lookup skipped"
bangalore,havenkeys,Havenkeys,0,,,,,"GOOGLE_MAPS_API_KEY not set, lookup skipped"
bangalore,high rise realty,High Rise Realty,0,,,,,"GOOGLE_MAPS_API_KEY not set, lookup skipped"
bangalore,highland consultant,Highland Consultant,0,,,,,"GOOGLE_MAPS_API_KEY not set, lookup skipped"
bangalore,home locator,Home Locator,0,,,,,"GOOGLE_MAPS_API_KEY not set, lookup skipped"
bangalore,homekart,Homekart,0,,,,,"GOOGLE_MAPS_API_KEY not set, lookup skipped"
bangalore,homiez realty,Homiez Realty,0,,,,,"GOOGLE_MAPS_API_KEY not set, lookup skipped"
bangalore,honey ventures,Honey Ventures,0,,,,,"GOOGLE_MAPS_API_KEY not set, lookup skipped"
bangalore,housewise.in,Housewise.In,0,,,,,"GOOGLE_MAPS_API_KEY not set, lookup skipped"
bangalore,housing consultancy service,Housing Consultancy Service,0,,,,,"GOOGLE_MAPS_API_KEY not set, lookup skipped"
bangalore,hsb buildtech private limited,HSB BUILDTECH PRIVATE LIMITED,0,,,,,"GOOGLE_MAPS_API_KEY not set, lookup skipped"
bangalore,icon space,Icon Space,0,,,,,"GOOGLE_MAPS_API_KEY not set, lookup skipped"
bangalore,iconicspace services pvt ltd,Iconicspace Services Pvt Ltd,0,,,,,"GOOGLE_MAPS_API_KEY not set, lookup skipped"
bangalore,imax properties,IMAX Properties,0,,,,,"GOOGLE_MAPS_API_KEY not set, lookup skipped"
bangalore,infant realty,Infant Realty,0,,,,,"GOOGLE_MAPS_API_KEY not set, lookup skipped"
bangalore,infimax advisors pvt. ltd,Infimax Advisors Pvt. Ltd,0,,,,,"GOOGLE_MAPS_API_KEY not set, lookup skipped"
bangalore,ivy homes,Ivy Homes,0,,,,,"GOOGLE_MAPS_API_KEY not set, lookup skipped"
bangalore,j k advisor,J K Advisor,0,,,,,"GOOGLE_MAPS_API_KEY not set, lookup skipped"
bangalore,j k associates,J K Associates,0,,,,,"GOOGLE_MAPS_API_KEY not set, lookup skipped"
bangalore,jagdish,Jagdish,0,,,,,"GOOGLE_MAPS_API_KEY not set, lookup skipped"
bangalore,jaya prakash,Jaya Prakash,0,,,,,"GOOGLE_MAPS_API_KEY not set, lookup skipped"
bangalore,jayashree urbanrise group,Jayashree Urbanrise Group,0,,,,,"GOOGLE_MAPS_API_KEY not set, lookup skipped"
bangalore,jp properties,JP Properties,0,,,,,"GOOGLE_MAPS_API_KEY not set, lookup skipped"
bangalore,jsrs prop care pvt ltd,JSRS Prop Care Pvt Ltd,0,,,,,"GOOGLE_MAPS_API_KEY not set, lookup skipped"
bangalore,junaid,Junaid,0,,,,,"GOOGLE_MAPS_API_KEY not set, lookup skipped"
bangalore,k&amp;l realty,K&Amp;L Realty,0,,,,,"GOOGLE_MAPS_API_KEY not set, lookup skipped"
bangalore,key2home,Key2Home,0,,,,,"GOOGLE_MAPS_API_KEY not set, lookup skipped"
bangalore,keya homes,Keya Homes,0,,,,,"GOOGLE_MAPS_API_KEY not set, lookup skipped"
bangalore,khurshid imam,Khurshid Imam,0,,,,,"GOOGLE_MAPS_API_KEY not set, lookup skipped"
bangalore,knock in enterprises,Knock In Enterprises,0,,,,,"GOOGLE_MAPS_API_KEY not set, lookup skipped"
bangalore,kps properties,KPS Properties,0,,,,,"GOOGLE_MAPS_API_KEY not set, lookup skipped"
bangalore,krishna associates,Krishna Associates,0,,,,,"GOOGLE_MAPS_API_KEY not set, lookup skipped"
bangalore,kuber spaces and estate consulting opc pvt. ltd.,Kuber Spaces And Estate Consulting OPC Pvt. Ltd.,0,,,,,"GOOGLE_MAPS_API_KEY not set, lookup skipped"
bangalore,kumar,Kumar,0,,,,,"GOOGLE_MAPS_API_KEY not set, lookup skipped"
bangalore,lal realtors,Lal Realtors,0,,,,,"GOOGLE_MAPS_API_KEY not set, lookup skipped"
bangalore,landmark ventures,Landmark Ventures,0,,,,,"GOOGLE_MAPS_API_KEY not set, lookup skipped"
bangalore,liveflats,LIVEFLATS,0,,,,,"GOOGLE_MAPS_API_KEY not set, lookup skipped"
bangalore,living address,Living Address,0,,,,,"GOOGLE_MAPS_API_KEY not set, lookup skipped"
bangalore,living bangalore,Living Bangalore,0,,,,,"GOOGLE_MAPS_API_KEY not set, lookup skipped"
bangalore,lodha developers private limited,Lodha Developers Private Limited,0,,,,,"GOOGLE_MAPS_API_KEY not set, lookup skipped"
bangalore,m h estates,M H Estates,0,,,,,"GOOGLE_MAPS_API_KEY not set, lookup skipped"
bangalore,maatha props,Maatha Props,0,,,,,"GOOGLE_MAPS_API_KEY not set, lookup skipped"
bangalore,madhu,Madhu,0,,,,,"GOOGLE_MAPS_API_KEY not set, lookup skipped"
bangalore,magic key homes,Magic Key Homes,0,,,,,"GOOGLE_MAPS_API_KEY not set, lookup skipped"
bangalore,mahaveer group,Mahaveer Group,0,,,,,"GOOGLE_MAPS_API_KEY not set, lookup skipped"
bangalore,manage my estate,Manage My Estate,0,,,,,"GOOGLE_MAPS_API_KEY not set, lookup skipped"
bangalore,manasi,Manasi,0,,,,,"GOOGLE_MAPS_API_KEY not set, lookup skipped"
bangalore,manjesh c,Manjesh C,0,,,,,"GOOGLE_MAPS_API_KEY not set, lookup skipped"
bangalore,manjunath,Manjunath,0,,,,,"GOOGLE_MAPS_API_KEY not set, lookup skipped"
bangalore,manjunatha reddy,Manjunatha Reddy,0,,,,,"GOOGLE_MAPS_API_KEY not set, lookup skipped"
bangalore,maruthi yukti homes,Maruthi Yukti Homes,0,,,,,"GOOGLE_MAPS_API_KEY not set, lookup skipped"
bangalore,maven realty,Maven Realty,0,,,,,"GOOGLE_MAPS_API_KEY not set, lookup skipped"
bangalore,max serv,Max Serv,0,,,,,"GOOGLE_MAPS_API_KEY not set, lookup skipped"
bangalore,mbn properties,MBN Properties,0,,,,,"GOOGLE_MAPS_API_KEY not set, lookup skipped"
bangalore,metro bricks,Metro Bricks,0,,,,,"GOOGLE_MAPS_API_KEY not set, lookup skipped"
bangalore,metro living,Metro Living,0,,,,,"GOOGLE_MAPS_API_KEY not set, lookup skipped"
bangalore,metro realtor,Metro Realtor,0,,,,,"GOOGLE_MAPS_API_KEY not set, lookup skipped"
bangalore,mishra properties,Mishra Properties,0,,,,,"GOOGLE_MAPS_API_KEY not set, lookup skipped"
bangalore,mn realtors,MN Realtors,0,,,,,"GOOGLE_MAPS_API_KEY not set, lookup skipped"
bangalore,mohamed uzair,Mohamed Uzair,0,,,,,"GOOGLE_MAPS_API_KEY not set, lookup skipped"
bangalore,motilal,Motilal,0,,,,,"GOOGLE_MAPS_API_KEY not set, lookup skipped"
bangalore,mr developers,MR Developers,0,,,,,"GOOGLE_MAPS_API_KEY not set, lookup skipped"
bangalore,multicity consultants,Multicity Consultants,0,,,,,"GOOGLE_MAPS_API_KEY not set, lookup skipped"
bangalore,muneer md,Muneer MD,0,,,,,"GOOGLE_MAPS_API_KEY not set, lookup skipped"
bangalore,n k associates,N K Associates,0,,,,,"GOOGLE_MAPS_API_KEY not set, lookup skipped"
bangalore,nag nest properties,Nag Nest Properties,0,,,,,"GOOGLE_MAPS_API_KEY not set, lookup skipped"
bangalore,namma space,Namma Space,0,,,,,"GOOGLE_MAPS_API_KEY not set, lookup skipped"
bangalore,nandana promoters,Nandana Promoters,0,,,,,"GOOGLE_MAPS_API_KEY not set, lookup skipped"
bangalore,nasir,Nasir,0,,,,,"GOOGLE_MAPS_API_KEY not set, lookup skipped"
bangalore,nest key,NEST KEY,0,,,,,"GOOGLE_MAPS_API_KEY not set, lookup skipped"
bangalore,nest seekers bangalore,Nest Seekers Bangalore,0,,,,,"GOOGLE_MAPS_API_KEY not set, lookup skipped"
bangalore,nexus walls pvt ltd,Nexus Walls Pvt Ltd,0,,,,,"GOOGLE_MAPS_API_KEY not set, lookup skipped"
bangalore,nikhil,NIKHIL,0,,,,,"GOOGLE_MAPS_API_KEY not set, lookup skipped"
bangalore,nisaar ahmed ahmed,Nisaar Ahmed Ahmed,0,,,,,"GOOGLE_MAPS_API_KEY not set, lookup skipped"
bangalore,nishchith,NISHCHITH,0,,,,,"GOOGLE_MAPS_API_KEY not set, lookup skipped"
bangalore,no broker,No Broker,0,,,,,"GOOGLE_MAPS_API_KEY not set, lookup skipped"
bangalore,north star realty,North Star Realty,0,,,,,"GOOGLE_MAPS_API_KEY not set, lookup skipped"
bangalore,ocean estates,Ocean Estates,0,,,,,"GOOGLE_MAPS_API_KEY not set, lookup skipped"
bangalore,oceans five home,Oceans Five Home,0,,,,,"GOOGLE_MAPS_API_KEY not set, lookup skipped"
bangalore,offbeat realty,Offbeat Realty,0,,,,,"GOOGLE_MAPS_API_KEY not set, lookup skipped"
bangalore,one bangalore prime realty,One Bangalore Prime Realty,0,,,,,"GOOGLE_MAPS_API_KEY not set, lookup skipped"
bangalore,one square meter realty,One Square Meter Realty,0,,,,,"GOOGLE_MAPS_API_KEY not set, lookup skipped"
bangalore,onyx spaces,Onyx Spaces,0,,,,,"GOOGLE_MAPS_API_KEY not set, lookup skipped"
bangalore,opulence properties,Opulence Properties,0,,,,,"GOOGLE_MAPS_API_KEY not set, lookup skipped"
bangalore,oro proptech,ORO PROPTECH,0,,,,,"GOOGLE_MAPS_API_KEY not set, lookup skipped"
bangalore,p &p realty,P &P Realty,0,,,,,"GOOGLE_MAPS_API_KEY not set, lookup skipped"
bangalore,paradise spaces,Paradise Spaces,0,,,,,"GOOGLE_MAPS_API_KEY not set, lookup skipped"
bangalore,parikshit,Parikshit,0,,,,,"GOOGLE_MAPS_API_KEY not set, lookup skipped"
bangalore,pinestone,Pinestone,0,,,,,"GOOGLE_MAPS_API_KEY not set, lookup skipped"
bangalore,planets properties,Planets Properties,0,,,,,"GOOGLE_MAPS_API_KEY not set, lookup skipped"
bangalore,porchlight realty pvt ltd,Porchlight Realty Pvt Ltd,0,,,,,"GOOGLE_MAPS_API_KEY not set, lookup skipped"
bangalore,pradeep,Pradeep,0,,,,,"GOOGLE_MAPS_API_KEY not set, lookup skipped"
bangalore,prayan group,Prayan Group,0,,,,,"GOOGLE_MAPS_API_KEY not set, lookup skipped"
bangalore,prestige group,Prestige Group,0,,,,,"GOOGLE_MAPS_API_KEY not set, lookup skipped"
bangalore,prestige realtors,Prestige Realtors,0,,,,,"GOOGLE_MAPS_API_KEY not set, lookup skipped"
bangalore,price point realtors,PRICE POINT REALTORS,0,,,,,"GOOGLE_MAPS_API_KEY not set, lookup skipped"
bangalore,prime properties,Prime Properties,0,,,,,"GOOGLE_MAPS_API_KEY not set, lookup skipped"
bangalore,prime space,Prime Space,0,,,,,"GOOGLE_MAPS_API_KEY not set, lookup skipped"
bangalore,prop capital,Prop Capital,0,,,,,"GOOGLE_MAPS_API_KEY not set, lookup skipped"
bangalore,prop centers,Prop Centers,0,,,,,"GOOGLE_MAPS_API_KEY not set, lookup skipped"
bangalore,prop relator llp,Prop Relator LLP,0,,,,,"GOOGLE_MAPS_API_KEY not set, lookup skipped"
bangalore,prop shikaar pvt. ltd.,Prop Shikaar Pvt. Ltd.,0,,,,,"GOOGLE_MAPS_API_KEY not set, lookup skipped"
bangalore,prop soul,Prop Soul,0,,,,,"GOOGLE_MAPS_API_KEY not set, lookup skipped"
bangalore,property first,Property First,0,,,,,"GOOGLE_MAPS_API_KEY not set, lookup skipped"
bangalore,property first realty llp,Property First Realty LLP,0,,,,,"GOOGLE_MAPS_API_KEY not set, lookup skipped"
bangalore,property point,Property Point,0,,,,,"GOOGLE_MAPS_API_KEY not set, lookup skipped"
bangalore,property simplify llp,Property Simplify LLP,0,,,,,"GOOGLE_MAPS_API_KEY not set, lookup skipped"
bangalore,propnet services indian pvt ltd,Propnet Services Indian Pvt Ltd,0,,,,,"GOOGLE_MAPS_API_KEY not set, lookup skipped"
bangalore,propt advisor,PropT Advisor,0,,,,,"GOOGLE_MAPS_API_KEY not set, lookup skipped"
bangalore,proptech solution,Proptech Solution,0,,,,,"GOOGLE_MAPS_API_KEY not set, lookup skipped"
bangalore,propudaan,Propudaan,0,,,,,"GOOGLE_MAPS_API_KEY not set, lookup skipped"
bangalore,quick home,Quick Home,0,,,,,"GOOGLE_MAPS_API_KEY not set, lookup skipped"
bangalore,quintessence investment,Quintessence Investment,0,,,,,"GOOGLE_MAPS_API_KEY not set, lookup skipped"
bangalore,r s realty,R S Realty,0,,,,,"GOOGLE_MAPS_API_KEY not set, lookup skipped"
bangalore,r v homes,R V Homes,0,,,,,"GOOGLE_MAPS_API_KEY not set, lookup skipped"
bangalore,raghavendra,Raghavendra,0,,,,,"GOOGLE_MAPS_API_KEY not set, lookup skipped"
bangalore,rajendra,Rajendra,0,,,,,"GOOGLE_MAPS_API_KEY not set, lookup skipped"
bangalore,ramesh chagpar kothari,Ramesh Chagpar Kothari,0,,,,,"GOOGLE_MAPS_API_KEY not set, lookup skipped"
bangalore,ramky estates,Ramky Estates,0,,,,,"GOOGLE_MAPS_API_KEY not set, lookup skipped"
bangalore,rasses square,Rasses Square,0,,,,,"GOOGLE_MAPS_API_KEY not set, lookup skipped"
bangalore,ravi,Ravi,0,,,,,"GOOGLE_MAPS_API_KEY not set, lookup skipped"
bangalore,ravi kumar,Ravi Kumar,0,,,,,"GOOGLE_MAPS_API_KEY not set, lookup skipped"
bangalore,ravi kumar m,RAVI KUMAR M,0,,,,,"GOOGLE_MAPS_API_KEY not set, lookup skipped"
bangalore,realtor bangalore,Realtor Bangalore,0,,,,,"GOOGLE_MAPS_API_KEY not set, lookup skipped"
bangalore,renteazy,RentEazy,0,,,,,"GOOGLE_MAPS_API_KEY not set, lookup skipped"
bangalore,rise reality hsr layout,Rise Reality HSR Layout,0,,,,,"GOOGLE_MAPS_API_KEY not set, lookup skipped"
bangalore,rithika rambabu,Rithika Rambabu,0,,,,,"GOOGLE_MAPS_API_KEY not set, lookup skipped"
bangalore,roomskart,Roomskart,0,,,,,"GOOGLE_MAPS_API_KEY not set, lookup skipped"
bangalore,rr realtors,RR Realtors,0,,,,,"GOOGLE_MAPS_API_KEY not set, lookup skipped"
bangalore,rrl builders and developers pvt ltd,RRL BUILDERS AND DEVELOPERS PVT LTD,0,,,,,"GOOGLE_MAPS_API_KEY not set, lookup skipped"
bangalore,s n real estate,S N Real Estate,0,,,,,"GOOGLE_MAPS_API_KEY not set, lookup skipped"
bangalore,s s innovations,S S Innovations,0,,,,,"GOOGLE_MAPS_API_KEY not set, lookup skipped"
bangalore,s2 milkyway links,S2 Milkyway Links,0,,,,,"GOOGLE_MAPS_API_KEY not set, lookup skipped"
bangalore,sabari properties,Sabari Properties,0,,,,,"GOOGLE_MAPS_API_KEY not set, lookup skipped"
bangalore,sai teja enterprises,Sai Teja Enterprises,0,,,,,"GOOGLE_MAPS_API_KEY not set, lookup skipped"
bangalore,salman realty,Salman Realty,0,,,,,"GOOGLE_MAPS_API_KEY not set, lookup skipped"
bangalore,sameer estates & interiors,Sameer Estates & Interiors,0,,,,,"GOOGLE_MAPS_API_KEY not set, lookup skipped"
bangalore,samir kumar,Samir Kumar,0,,,,,"GOOGLE_MAPS_API_KEY not set, lookup skipped"
bangalore,sand rock,Sand Rock,0,,,,,"GOOGLE_MAPS_API_KEY not set, lookup skipped"
bangalore,sandeep reddy,Sandeep Reddy,0,,,,,"GOOGLE_MAPS_API_KEY not set, lookup skipped"
bangalore,sangani living solutions,Sangani Living Solutions,0,,,,,"GOOGLE_MAPS_API_KEY not set, lookup skipped"
bangalore,sanjeet,Sanjeet,0,,,,,"GOOGLE_MAPS_API_KEY not set, lookup skipped"
bangalore,sarvamangala realtors,Sarvamangala Realtors,0,,,,,"GOOGLE_MAPS_API_KEY not set, lookup skipped"
bangalore,saud ahmed,Saud Ahmed,0,,,,,"GOOGLE_MAPS_API_KEY not set, lookup skipped"
bangalore,search homes india pvt. ltd.,Search Homes India Pvt. Ltd.,0,,,,,"GOOGLE_MAPS_API_KEY not set, lookup skipped"
bangalore,serenity realty,Serenity Realty,0,,,,,"GOOGLE_MAPS_API_KEY not set, lookup skipped"
bangalore,set home realty,Set Home Realty,0,,,,,"GOOGLE_MAPS_API_KEY not set, lookup skipped"
bangalore,settlin zero brokerage,Settlin Zero Brokerage,0,,,,,"GOOGLE_MAPS_API_KEY not set, lookup skipped"
bangalore,sevenhills properties (realty),Sevenhills Properties (Realty),0,,,,,"GOOGLE_MAPS_API_KEY not set, lookup skipped"
bangalore,shaik sultan,Shaik Sultan,0,,,,,"GOOGLE_MAPS_API_KEY not set, lookup skipped"
bangalore,sharu homes,Sharu Homes,0,,,,,"GOOGLE_MAPS_API_KEY not set, lookup skipped"
bangalore,shekar shekar,Shekar Shekar,0,,,,,"GOOGLE_MAPS_API_KEY not set, lookup skipped"
bangalore,shekars realty,Shekars Realty,0,,,,,"GOOGLE_MAPS_API_KEY not set, lookup skipped"
bangalore,shekhar realtors,Shekhar Realtors,0,,,,,"GOOGLE_MAPS_API_KEY not set, lookup skipped"
bangalore,sherrys corporation,Sherrys Corporation,0,,,,,"GOOGLE_MAPS_API_KEY not set, lookup skipped"
bangalore,shree,SHREE,0,,,,,"GOOGLE_MAPS_API_KEY not set, lookup skipped"
bangalore,shree estates,Shree Estates,0,,,,,"GOOGLE_MAPS_API_KEY not set, lookup skipped"
bangalore,shree garuda builders,Shree Garuda Builders,0,,,,,"GOOGLE_MAPS_API_KEY not set, lookup skipped"
bangalore,shreyas,Shreyas,0,,,,,"GOOGLE_MAPS_API_KEY not set, lookup skipped"
bangalore,silverstone property,SilverStone Property,0,,,,,"GOOGLE_MAPS_API_KEY not set, lookup skipped"
bangalore,sizzle properties pvt. ltd.,Sizzle Properties Pvt. Ltd.,0,,,,,"GOOGLE_MAPS_API_KEY not set, lookup skipped"
bangalore,sky heights corp,Sky Heights Corp,0,,,,,"GOOGLE_MAPS_API_KEY not set, lookup skipped"
bangalore,sonam skdp,SONAM SKDP,0,,,,,"GOOGLE_MAPS_API_KEY not set, lookup skipped"
bangalore,sourish pal,Sourish Pal,0,,,,,"GOOGLE_MAPS_API_KEY not set, lookup skipped"
bangalore,space shop,Space Shop,0,,,,,"GOOGLE_MAPS_API_KEY not set, lookup skipped"
bangalore,space traders realty,Space Traders Realty,0,,,,,"GOOGLE_MAPS_API_KEY not set, lookup skipped"
bangalore,spaceclick pvt ltd,SpaceClick Pvt Ltd,0,,,,,"GOOGLE_MAPS_API_KEY not set, lookup skipped"
bangalore,square one realty,Square One Realty,0,,,,,"GOOGLE_MAPS_API_KEY not set, lookup skipped"
bangalore,sreenath,Sreenath,0,,,,,"GOOGLE_MAPS_API_KEY not set, lookup skipped"
bangalore,sri balaji structures,Sri Balaji Structures,0,,,,,"GOOGLE_MAPS_API_KEY not set, lookup skipped"
bangalore,sri ganesh enterprises,Sri Ganesh Enterprises,0,,,,,"GOOGLE_MAPS_API_KEY not set, lookup skipped"
bangalore,sri lakshmi varaha builders,Sri Lakshmi Varaha Builders,0,,,,,"GOOGLE_MAPS_API_KEY not set, lookup skipped"
bangalore,sri maruthi real estate,Sri Maruthi Real Estate,0,,,,,"GOOGLE_MAPS_API_KEY not set, lookup skipped"
bangalore,sri vinayaka propmart,Sri Vinayaka Propmart,0,,,,,"GOOGLE_MAPS_API_KEY not set, lookup skipped"
bangalore,sri vinayaka real estate,Sri Vinayaka Real Estate,0,,,,,"GOOGLE_MAPS_API_KEY not set, lookup skipped"
bangalore,srinivas,Srinivas,0,,,,,"GOOGLE_MAPS_API_KEY not set, lookup skipped"
bangalore,stairway homes,Stairway Homes,0,,,,,"GOOGLE_MAPS_API_KEY not set, lookup skipped"
bangalore,stepstone infra,Stepstone Infra,0,,,,,"GOOGLE_MAPS_API_KEY not set, lookup skipped"
bangalore,stsk builders and developers,STSK BUILDERS AND DEVELOPERS,0,,,,,"GOOGLE_MAPS_API_KEY not set, lookup skipped"
bangalore,sumadhura infracon pvt. ltd.,Sumadhura Infracon Pvt. Ltd.,0,,,,,"GOOGLE_MAPS_API_KEY not set, lookup skipped"
bangalore,suman,Suman,0,,,,,"GOOGLE_MAPS_API_KEY not set, lookup skipped"
bangalore,sunny,Sunny,0,,,,,"GOOGLE_MAPS_API_KEY not set, lookup skipped"
bangalore,suresh,Suresh,0,,,,,"GOOGLE_MAPS_API_KEY not set, lookup skipped"
bangalore,swaayam krushy builders,Swaayam Krushy Builders,0,,,,,"GOOGLE_MAPS_API_KEY not set, lookup skipped"
bangalore,sweekar estate agency,Sweekar Estate Agency,0,,,,,"GOOGLE_MAPS_API_KEY not set, lookup skipped"
bangalore,tanish realtors,Tanish Realtors,0,,,,,"GOOGLE_MAPS_API_KEY not set, lookup skipped"
bangalore,target estates,Target Estates,0,,,,,"GOOGLE_MAPS_API_KEY not set, lookup skipped"
bangalore,team realty now,Team Realty Now,0,,,,,"GOOGLE_MAPS_API_KEY not set, lookup skipped"
bangalore,tenanted,Tenanted,0,,,,,"GOOGLE_MAPS_API_KEY not set, lookup skipped"
bangalore,the dwellwell estate pvt ltd,The Dwellwell Estate Pvt Ltd,0,,,,,"GOOGLE_MAPS_API_KEY not set, lookup skipped"
bangalore,the fly estates,The Fly Estates,0,,,,,"GOOGLE_MAPS_API_KEY not set, lookup skipped"
bangalore,thengali narayana shetty,Thengali Narayana Shetty,0,,,,,"GOOGLE_MAPS_API_KEY not set, lookup skipped"
bangalore,topline estates,Topline Estates,0,,,,,"GOOGLE_MAPS_API_KEY not set, lookup skipped"
bangalore,touchstone properties,Touchstone Properties,0,,,,,"GOOGLE_MAPS_API_KEY not set, lookup skipped"
bangalore,trading spaces,Trading Spaces,0,,,,,"GOOGLE_MAPS_API_KEY not set, lookup skipped"
bangalore,trend shelters,Trend Shelters,0,,,,,"GOOGLE_MAPS_API_KEY not set, lookup skipped"
bangalore,ultimax,Ultimax,0,,,,,"GOOGLE_MAPS_API_KEY not set, lookup skipped"
bangalore,ultra realty,Ultra Realty,0,,,,,"GOOGLE_MAPS_API_KEY not set, lookup skipped"
bangalore,umair,Umair,0,,,,,"GOOGLE_MAPS_API_KEY not set, lookup skipped"
bangalore,united developers,United Developers,0,,,,,"GOOGLE_MAPS_API_KEY not set, lookup skipped"
bangalore,urban capital,Urban Capital,0,,,,,"GOOGLE_MAPS_API_KEY not set, lookup skipped"
bangalore,v s group realtor,V S Group Realtor,0,,,,,"GOOGLE_MAPS_API_KEY not set, lookup skipped"
bangalore,v s realtors,V S Realtors,0,,,,,"GOOGLE_MAPS_API_KEY not set, lookup skipped"
bangalore,varoon,Varoon,0,,,,,"GOOGLE_MAPS_API_KEY not set, lookup skipped"
bangalore,vichithra properties,Vichithra Properties,0,,,,,"GOOGLE_MAPS_API_KEY not set, lookup skipped"
bangalore,vignesh enterprises,Vignesh Enterprises,0,,,,,"GOOGLE_MAPS_API_KEY not set, lookup skipped"
bangalore,vijaya lakshmi constructions,Vijaya Lakshmi Constructions,0,,,,,"GOOGLE_MAPS_API_KEY not set, lookup skipped"
bangalore,vimal realtor,Vimal Realtor,0,,,,,"GOOGLE_MAPS_API_KEY not set, lookup skipped"
bangalore,vinayy properties,Vinayy Properties,0,,,,,"GOOGLE_MAPS_API_KEY not set, lookup skipped"
bangalore,virendra kumar,Virendra Kumar,0,,,,,"GOOGLE_MAPS_API_KEY not set, lookup skipped"
bangalore,vision properties,Vision Properties,0,,,,,"GOOGLE_MAPS_API_KEY not set, lookup skipped"
bangalore,vista realty advisory pvt. ltd.,Vista Realty Advisory Pvt. Ltd.,0,,,,,"GOOGLE_MAPS_API_KEY not set, lookup skipped"
bangalore,vrushabadri developers,Vrushabadri Developers,0,,,,,"GOOGLE_MAPS_API_KEY not set, lookup skipped"
bangalore,white cloud realty,WHITE CLOUD REALTY,0,,,,,"GOOGLE_MAPS_API_KEY not set, lookup skipped"
bangalore,whitefield spaces,Whitefield Spaces,0,,,,,"GOOGLE_MAPS_API_KEY not set, lookup skipped"
bangalore,xl properties,XL Properties,0,,,,,"GOOGLE_MAPS_API_KEY not set, lookup skipped"
bangalore,yes property,Yes Property,0,,,,,"GOOGLE_MAPS_API_KEY not set, lookup skipped"
bangalore,your home search,Your Home Search,0,,,,,"GOOGLE_MAPS_API_KEY not set, lookup skipped"
bangalore,zaji ventures,Zaji Ventures,0,,,,,"GOOGLE_MAPS_API_KEY not set, lookup skipped"
bangalore,zenith properties,Zenith Properties,0,,,,,"GOOGLE_MAPS_API_KEY not set, lookup skipped"
chennai,adyar prop realty,Adyar Prop Realty,0,,,,,"GOOGLE_MAPS_API_KEY not set, lookup skipped"
chennai,aerial living,Aerial Living,0,,,,,"GOOGLE_MAPS_API_KEY not set, lookup skipped"
chennai,anjali properties,Anjali Properties,0,,,,,"GOOGLE_MAPS_API_KEY not set, lookup skipped"
chennai,atw home,ATW Home,0,,,,,"GOOGLE_MAPS_API_KEY not set, lookup skipped"
chennai,brixton homes,Brixton Homes,0,,,,,"GOOGLE_MAPS_API_KEY not set, lookup skipped"
chennai,cgc homes llp,CGC Homes LLP,0,,,,,"GOOGLE_MAPS_API_KEY not set, lookup skipped"
chennai,chennai gated community,Chennai Gated Community,0,,,,,"GOOGLE_MAPS_API_KEY not set, lookup skipped"
chennai,chennai property service,Chennai Property Service,0,,,,,"GOOGLE_MAPS_API_KEY not set, lookup skipped"
chennai,coastal property,Coastal Property,0,,,,,"GOOGLE_MAPS_API_KEY not set, lookup skipped"
chennai,connection point,Connection Point,0,,,,,"GOOGLE_MAPS_API_KEY not set, lookup skipped"
chennai,crown nd keys realty,Crown Nd Keys Realty,0,,,,,"GOOGLE_MAPS_API_KEY not set, lookup skipped"
chennai,crystal homes,Crystal Homes,0,,,,,"GOOGLE_MAPS_API_KEY not set, lookup skipped"
chennai,dee star properties,Dee Star Properties,0,,,,,"GOOGLE_MAPS_API_KEY not set, lookup skipped"
chennai,dinesh realty,Dinesh Realty,0,,,,,"GOOGLE_MAPS_API_KEY not set, lookup skipped"
chennai,elite realtors,Elite Realtors,0,,,,,"GOOGLE_MAPS_API_KEY not set, lookup skipped"
chennai,emaar elite,Emaar Elite,0,,,,,"GOOGLE_MAPS_API_KEY not set, lookup skipped"
chennai,g j realty,G J Realty,0,,,,,"GOOGLE_MAPS_API_KEY not set, lookup skipped"
chennai,hanu reddy realty india pvt. ltd.,Hanu Reddy Realty India Pvt. Ltd.,0,,,,,"GOOGLE_MAPS_API_KEY not set, lookup skipped"
chennai,hemdevs international realty services,Hemdevs International Realty Services,0,,,,,"GOOGLE_MAPS_API_KEY not set, lookup skipped"
chennai,highland consultant,Highland Consultant,0,,,,,"GOOGLE_MAPS_API_KEY not set, lookup skipped"
chennai,home finder,Home Finder,0,,,,,"GOOGLE_MAPS_API_KEY not set, lookup skipped"
chennai,home konnect,Home Konnect,0,,,,,"GOOGLE_MAPS_API_KEY not set, lookup skipped"
chennai,i brand marketing solutions,I BRAND MARKETING SOLUTIONS,0,,,,,"GOOGLE_MAPS_API_KEY not set, lookup skipped"
chennai,jain estates,Jain Estates,0,,,,,"GOOGLE_MAPS_API_KEY not set, lookup skipped"
chennai,jain housing & constructions ltd.,Jain Housing & Constructions Ltd.,0,,,,,"GOOGLE_MAPS_API_KEY not set, lookup skipped"
chennai,jll,JLL,0,,,,,"GOOGLE_MAPS_API_KEY not set, lookup skipped"
chennai,kap property advisors,KAP Property Advisors,0,,,,,"GOOGLE_MAPS_API_KEY not set, lookup skipped"
chennai,karpaga priyanga,Karpaga Priyanga,0,,,,,"GOOGLE_MAPS_API_KEY not set, lookup skipped"
chennai,kenra properties private limited,Kenra Properties Private Limited,0,,,,,"GOOGLE_MAPS_API_KEY not set, lookup skipped"
chennai,kirija velmurugan,Kirija Velmurugan,0,,,,,"GOOGLE_MAPS_API_KEY not set, lookup skipped"
chennai,kothari estates,Kothari Estates,0,,,,,"GOOGLE_MAPS_API_KEY not set, lookup skipped"
chennai,luxclusive homes,Luxclusive Homes,0,,,,,"GOOGLE_MAPS_API_KEY not set, lookup skipped"
chennai,madras two realtor,Madras Two Realtor,0,,,,,"GOOGLE_MAPS_API_KEY not set, lookup skipped"
chennai,marina residences & realty,Marina Residences & Realty,0,,,,,"GOOGLE_MAPS_API_KEY not set, lookup skipped"
chennai,marutham prop consulting pvt ltd,Marutham Prop Consulting Pvt Ltd,0,,,,,"GOOGLE_MAPS_API_KEY not set, lookup skipped"
chennai,matrix realtor,Matrix Realtor,0,,,,,"GOOGLE_MAPS_API_KEY not set, lookup skipped"
chennai,medsea properties,Medsea Properties,0,,,,,"GOOGLE_MAPS_API_KEY not set, lookup skipped"
chennai,mehta havens ltd,Mehta Havens Ltd,0,,,,,"GOOGLE_MAPS_API_KEY not set, lookup skipped"
chennai,moon realtors,Moon Realtors,0,,,,,"GOOGLE_MAPS_API_KEY not set, lookup skipped"
chennai,narpavi realty india,Narpavi Realty India,0,,,,,"GOOGLE_MAPS_API_KEY not set, lookup skipped"
chennai,nook and corner properties,Nook And Corner Properties,0,,,,,"GOOGLE_MAPS_API_KEY not set, lookup skipped"
chennai,oceans five home,Oceans Five Home,0,,,,,"GOOGLE_MAPS_API_KEY not set, lookup skipped"
chennai,parthiban,Parthiban,0,,,,,"GOOGLE_MAPS_API_KEY not set, lookup skipped"
chennai,pkrealtyndpropertymgt,PKRealtyndPropertyMgt,0,,,,,"GOOGLE_MAPS_API_KEY not set, lookup skipped"
chennai,priva properties,Priva Properties,0,,,,,"GOOGLE_MAPS_API_KEY not set, lookup skipped"
chennai,prop guider,Prop Guider,0,,,,,"GOOGLE_MAPS_API_KEY not set, lookup skipped"
chennai,prop leaf,Prop Leaf,0,,,,,"GOOGLE_MAPS_API_KEY not set, lookup skipped"
chennai,property playbook,Property Playbook,0,,,,,"GOOGLE_MAPS_API_KEY not set, lookup skipped"
chennai,propertykart services pvt ltd,Propertykart Services Pvt Ltd,0,,,,,"GOOGLE_MAPS_API_KEY not set, lookup skipped"
chennai,propsteps realty,Propsteps Realty,0,,,,,"GOOGLE_MAPS_API_KEY not set, lookup skipped"
chennai,r m realtors,R M REALTORS,0,,,,,"GOOGLE_MAPS_API_KEY not set, lookup skipped"
chennai,rajam property management services pvt ltd,Rajam Property Management Services Pvt Ltd,0,,,,,"GOOGLE_MAPS_API_KEY not set, lookup skipped"
chennai,ravi realty,Ravi Realty,0,,,,,"GOOGLE_MAPS_API_KEY not set, lookup skipped"
chennai,red realty,Red Realty,0,,,,,"GOOGLE_MAPS_API_KEY not set, lookup skipped"
chennai,right move aspects,Right Move Aspects,0,,,,,"GOOGLE_MAPS_API_KEY not set, lookup skipped"
chennai,royal land and developer,Royal Land And Developer,0,,,,,"GOOGLE_MAPS_API_KEY not set, lookup skipped"
chennai,saravanan,Saravanan,0,,,,,"GOOGLE_MAPS_API_KEY not set, lookup skipped"
chennai,scc homes & properties,SCC Homes & Properties,0,,,,,"GOOGLE_MAPS_API_KEY not set, lookup skipped"
chennai,sgs properties,SGS Properties,0,,,,,"GOOGLE_MAPS_API_KEY not set, lookup skipped"
chennai,sky high realty ventures,Sky High Realty Ventures,0,,,,,"GOOGLE_MAPS_API_KEY not set, lookup skipped"
chennai,south zone realty consulting pvt. ltd.,South Zone Realty Consulting Pvt. Ltd.,0,,,,,"GOOGLE_MAPS_API_KEY not set, lookup skipped"
chennai,sri sai realty services,SRI SAI REALTY SERVICES,0,,,,,"GOOGLE_MAPS_API_KEY not set, lookup skipped"
chennai,srinivasa property management,SRINIVASA PROPERTY MANAGEMENT,0,,,,,"GOOGLE_MAPS_API_KEY not set, lookup skipped"
chennai,srs chennai properties,SRS Chennai Properties,0,,,,,"GOOGLE_MAPS_API_KEY not set, lookup skipped"
chennai,star flyers properties,Star Flyers Properties,0,,,,,"GOOGLE_MAPS_API_KEY not set, lookup skipped"
chennai,street creators,Street Creators,0,,,,,"GOOGLE_MAPS_API_KEY not set, lookup skipped"
chennai,the nest realtor,The Nest Realtor,0,,,,,"GOOGLE_MAPS_API_KEY not set, lookup skipped"
chennai,trio dolph business solutions,Trio Dolph Business Solutions,0,,,,,"GOOGLE_MAPS_API_KEY not set, lookup skipped"
chennai,ultra realty,Ultra Realty,0,,,,,"GOOGLE_MAPS_API_KEY not set, lookup skipped"
chennai,urbanrise,Urbanrise,0,,,,,"GOOGLE_MAPS_API_KEY not set, lookup skipped"
chennai,verify assetz,Verify Assetz,0,,,,,"GOOGLE_MAPS_API_KEY not set, lookup skipped"
hyderabad,anand,ANAND,0,,,,,"GOOGLE_MAPS_API_KEY not set, lookup skipped"
hyderabad,ani properties,Ani Properties,0,,,,,"GOOGLE_MAPS_API_KEY not set, lookup skipped"
hyderabad,anokhi enterprises pvt ltd,Anokhi Enterprises Pvt Ltd,0,,,,,"GOOGLE_MAPS_API_KEY not set, lookup skipped"
hyderabad,anvitha property consultants,Anvitha Property Consultants,0,,,,,"GOOGLE_MAPS_API_KEY not set, lookup skipped"
hyderabad,arjun,Arjun,0,,,,,"GOOGLE_MAPS_API_KEY not set, lookup skipped"
hyderabad,arvindh real estates,Arvindh Real Estates,0,,,,,"GOOGLE_MAPS_API_KEY not set, lookup skipped"
hyderabad,aslam,Aslam,0,,,,,"GOOGLE_MAPS_API_KEY not set, lookup skipped"
hyderabad,aston realty,Aston Realty,0,,,,,"GOOGLE_MAPS_API_KEY not set, lookup skipped"
hyderabad,auctus reality,Auctus Reality,0,,,,,"GOOGLE_MAPS_API_KEY not set, lookup skipped"
hyderabad,avenir realty,Avenir Realty,0,,,,,"GOOGLE_MAPS_API_KEY not set, lookup skipped"
hyderabad,b naveen,B NAVEEN,0,,,,,"GOOGLE_MAPS_API_KEY not set, lookup skipped"
hyderabad,beyond homes pvt ltd,Beyond Homes Pvt Ltd,0,,,,,"GOOGLE_MAPS_API_KEY not set, lookup skipped"
hyderabad,blueprint realty,Blueprint Realty,0,,,,,"GOOGLE_MAPS_API_KEY not set, lookup skipped"
hyderabad,bmr projects limited,BMR Projects Limited,0,,,,,"GOOGLE_MAPS_API_KEY not set, lookup skipped"
hyderabad,bmrs realtors pvt ltd/sonu interiors,BMRS Realtors Pvt Ltd/Sonu Interiors,0,,,,,"GOOGLE_MAPS_API_KEY not set, lookup skipped"
hyderabad,c r properties hub,C R Properties Hub,0,,,,,"GOOGLE_MAPS_API_KEY not set, lookup skipped"
hyderabad,chaitanya realty,Chaitanya Realty,0,,,,,"GOOGLE_MAPS_API_KEY not set, lookup skipped"
hyderabad,chakravarthy realtors,Chakravarthy Realtors,0,,,,,"GOOGLE_MAPS_API_KEY not set, lookup skipped"
hyderabad,convex homes,Convex Homes,0,,,,,"GOOGLE_MAPS_API_KEY not set, lookup skipped"
hyderabad,crown nd keys realty,Crown Nd Keys Realty,0,,,,,"GOOGLE_MAPS_API_KEY not set, lookup skipped"
hyderabad,cybercity builders and developers pvt. ltd.,Cybercity Builders And Developers Pvt. Ltd.,0,,,,,"GOOGLE_MAPS_API_KEY not set, lookup skipped"
hyderabad,d sandeep,D Sandeep,0,,,,,"GOOGLE_MAPS_API_KEY not set, lookup skipped"
hyderabad,deccan infra,Deccan Infra,0,,,,,"GOOGLE_MAPS_API_KEY not set, lookup skipped"
hyderabad,deepak kumar kumar,Deepak Kumar Kumar,0,,,,,"GOOGLE_MAPS_API_KEY not set, lookup skipped"
hyderabad,dhani realty hyd,Dhani Realty HYD,0,,,,,"GOOGLE_MAPS_API_KEY not set, lookup skipped"
hyderabad,dhs property solutions,DHS Property Solutions,0,,,,,"GOOGLE_MAPS_API_KEY not set, lookup skipped"
hyderabad,divya property consultant,Divya Property Consultant,0,,,,,"GOOGLE_MAPS_API_KEY not set, lookup skipped"
hyderabad,dreaamzarrow homes infra pvt ltd.,Dreaamzarrow Homes Infra Pvt Ltd.,0,,,,,"GOOGLE_MAPS_API_KEY not set, lookup skipped"
hyderabad,driven properties india,Driven Properties India,0,,,,,"GOOGLE_MAPS_API_KEY not set, lookup skipped"
hyderabad,elephan tale realty,Elephan Tale Realty,0,,,,,"GOOGLE_MAPS_API_KEY not set, lookup skipped"
hyderabad,explore properties,Explore Properties,0,,,,,"GOOGLE_MAPS_API_KEY not set, lookup skipped"
hyderabad,fair rent resale,Fair Rent Resale,0,,,,,"GOOGLE_MAPS_API_KEY not set, lookup skipped"
hyderabad,fortune reality,Fortune Reality,0,,,,,"GOOGLE_MAPS_API_KEY not set, lookup skipped"
hyderabad,franch realty,Franch Realty,0,,,,,"GOOGLE_MAPS_API_KEY not set, lookup skipped"
hyderabad,ghar properties,Ghar Properties,0,,,,,"GOOGLE_MAPS_API_KEY not set, lookup skipped"
hyderabad,goutham krishna,Goutham Krishna,0,,,,,"GOOGLE_MAPS_API_KEY not set, lookup skipped"
hyderabad,hari krishna,Hari Krishna,0,,,,,"GOOGLE_MAPS_API_KEY not set, lookup skipped"
hyderabad,housewise.in,Housewise.In,0,,,,,"GOOGLE_MAPS_API_KEY not set, lookup skipped"
hyderabad,housing space,Housing Space,0,,,,,"GOOGLE_MAPS_API_KEY not set, lookup skipped"
hyderabad,imraan,Imraan,0,,,,,"GOOGLE_MAPS_API_KEY not set, lookup skipped"
hyderabad,investor unit,Investor Unit,0,,,,,"GOOGLE_MAPS_API_KEY not set, lookup skipped"
hyderabad,jaswitha constructions,Jaswitha Constructions,0,,,,,"GOOGLE_MAPS_API_KEY not set, lookup skipped"
hyderabad,joseph,Joseph,0,,,,,"GOOGLE_MAPS_API_KEY not set, lookup skipped"
hyderabad,k. krishna,K. Krishna,0,,,,,"GOOGLE_MAPS_API_KEY not set, lookup skipped"
hyderabad,karthik,Karthik,0,,,,,"GOOGLE_MAPS_API_KEY not set, lookup skipped"
hyderabad,kartikeya developers,Kartikeya Developers,0,,,,,"GOOGLE_MAPS_API_KEY not set, lookup skipped"
hyderabad,kassay homes private limited,Kassay Homes Private Limited,0,,,,,"GOOGLE_MAPS_API_KEY not set, lookup skipped"
hyderabad,klm infra projects,KLM INFRA PROJECTS,0,,,,,"GOOGLE_MAPS_API_KEY not set, lookup skipped"
hyderabad,krishojana realty,KrishoJana Realty,0,,,,,"GOOGLE_MAPS_API_KEY not set, lookup skipped"
hyderabad,lokal properties pvt ltd,Lokal Properties Pvt Ltd,0,,,,,"GOOGLE_MAPS_API_KEY not set, lookup skipped"
hyderabad,m koti babu,M KOTI BABU,0,,,,,"GOOGLE_MAPS_API_KEY not set, lookup skipped"
hyderabad,madduri properties,MADDURI PROPERTIES,0,,,,,"GOOGLE_MAPS_API_KEY not set, lookup skipped"
hyderabad,madras two realtor,Madras Two Realtor,0,,,,,"GOOGLE_MAPS_API_KEY not set, lookup skipped"
hyderabad,manikanta,Manikanta,0,,,,,"GOOGLE_MAPS_API_KEY not set, lookup skipped"
hyderabad,maxxco real estate,Maxxco Real Estate,0,,,,,"GOOGLE_MAPS_API_KEY not set, lookup skipped"
hyderabad,metro properties,Metro Properties,0,,,,,"GOOGLE_MAPS_API_KEY not set, lookup skipped"
hyderabad,mohd,Mohd,0,,,,,"GOOGLE_MAPS_API_KEY not set, lookup skipped"
hyderabad,mpm ventures private limited,MPM Ventures Private Limited,0,,,,,"GOOGLE_MAPS_API_KEY not set, lookup skipped"
hyderabad,murali krishna reddy,Murali Krishna Reddy,0,,,,,"GOOGLE_MAPS_API_KEY not set, lookup skipped"
hyderabad,namishree,Namishree,0,,,,,"GOOGLE_MAPS_API_KEY not set, lookup skipped"
hyderabad,nanda kishore,Nanda Kishore,0,,,,,"GOOGLE_MAPS_API_KEY not set, lookup skipped"
hyderabad,one roof property solution,One Roof Property Solution,0,,,,,"GOOGLE_MAPS_API_KEY not set, lookup skipped"
hyderabad,pawan,Pawan,0,,,,,"GOOGLE_MAPS_API_KEY not set, lookup skipped"
hyderabad,pj properties,PJ Properties,0,,,,,"GOOGLE_MAPS_API_KEY not set, lookup skipped"
hyderabad,pkk realtors,PKK Realtors,0,,,,,"GOOGLE_MAPS_API_KEY not set, lookup skipped"
hyderabad,profound properties,Profound Properties,0,,,,,"GOOGLE_MAPS_API_KEY not set, lookup skipped"
hyderabad,property link,PROPERTY LINK,0,,,,,"GOOGLE_MAPS_API_KEY not set, lookup skipped"
hyderabad,property post,Property Post,0,,,,,"GOOGLE_MAPS_API_KEY not set, lookup skipped"
hyderabad,propsols,Propsols,0,,,,,"GOOGLE_MAPS_API_KEY not set, lookup skipped"
hyderabad,quick house guru realtors llp,Quick House Guru Realtors LLP,0,,,,,"GOOGLE_MAPS_API_KEY not set, lookup skipped"
hyderabad,r r realty,R R Realty,0,,,,,"GOOGLE_MAPS_API_KEY not set, lookup skipped"
hyderabad,rajesh,Rajesh,0,,,,,"GOOGLE_MAPS_API_KEY not set, lookup skipped"
hyderabad,raju,Raju,0,,,,,"GOOGLE_MAPS_API_KEY not set, lookup skipped"
hyderabad,ram,Ram,0,,,,,"GOOGLE_MAPS_API_KEY not set, lookup skipped"
hyderabad,ram realty,Ram Realty,0,,,,,"GOOGLE_MAPS_API_KEY not set, lookup skipped"
hyderabad,rama krishna reddy,Rama Krishna Reddy,0,,,,,"GOOGLE_MAPS_API_KEY not set, lookup skipped"
hyderabad,rambabu k,Rambabu K,0,,,,,"GOOGLE_MAPS_API_KEY not set, lookup skipped"
hyderabad,rao,Rao,0,,,,,"GOOGLE_MAPS_API_KEY not set, lookup skipped"
hyderabad,ravi,Ravi,0,,,,,"GOOGLE_MAPS_API_KEY not set, lookup skipped"
hyderabad,ravinder,Ravinder,0,,,,,"GOOGLE_MAPS_API_KEY not set, lookup skipped"
hyderabad,reddy properties,Reddy Properties,0,,,,,"GOOGLE_MAPS_API_KEY not set, lookup skipped"
hyderabad,renew realty,ReNew Realty,0,,,,,"GOOGLE_MAPS_API_KEY not set, lookup skipped"
hyderabad,s s innovations,S S Innovations,0,,,,,"GOOGLE_MAPS_API_KEY not set, lookup skipped"
hyderabad,samir chopra,Samir Chopra,0,,,,,"GOOGLE_MAPS_API_KEY not set, lookup skipped"
hyderabad,say properties,SAY Properties,0,,,,,"GOOGLE_MAPS_API_KEY not set, lookup skipped"
hyderabad,serene property services,SERENE PROPERTY SERVICES,0,,,,,"GOOGLE_MAPS_API_KEY not set, lookup skipped"
hyderabad,shanmukho properties,Shanmukho Properties,0,,,,,"GOOGLE_MAPS_API_KEY not set, lookup skipped"
hyderabad,shanwaz,Shanwaz,0,,,,,"GOOGLE_MAPS_API_KEY not set, lookup skipped"
hyderabad,shiva d,Shiva D,0,,,,,"GOOGLE_MAPS_API_KEY not set, lookup skipped"
hyderabad,shiva gudimetla,Shiva Gudimetla,0,,,,,"GOOGLE_MAPS_API_KEY not set, lookup skipped"
hyderabad,shreemukh namitha homes pvt ltd,Shreemukh Namitha Homes Pvt Ltd,0,,,,,"GOOGLE_MAPS_API_KEY not set, lookup skipped"
hyderabad,simchah estates private limite,SIMCHAH ESTATES PRIVATE LIMITE,0,,,,,"GOOGLE_MAPS_API_KEY not set, lookup skipped"
hyderabad,sourish pal,Sourish Pal,0,,,,,"GOOGLE_MAPS_API_KEY not set, lookup skipped"
hyderabad,space link,Space Link,0,,,,,"GOOGLE_MAPS_API_KEY not set, lookup skipped"
hyderabad,space properties,Space Properties,0,,,,,"GOOGLE_MAPS_API_KEY not set, lookup skipped"
hyderabad,sri balaji real estate,Sri Balaji Real Estate,0,,,,,"GOOGLE_MAPS_API_KEY not set, lookup skipped"
hyderabad,sri mahati realtors,Sri Mahati Realtors,0,,,,,"GOOGLE_MAPS_API_KEY not set, lookup skipped"
hyderabad,sri sai infra,SRI SAI INFRA,0,,,,,"GOOGLE_MAPS_API_KEY not set, lookup skipped"
hyderabad,sri sai saranya housing ltd p,SRI SAI SARANYA HOUSING LTD P,0,,,,,"GOOGLE_MAPS_API_KEY not set, lookup skipped"
hyderabad,sridhar goud,Sridhar Goud,0,,,,,"GOOGLE_MAPS_API_KEY not set, lookup skipped"
hyderabad,srinivas,Srinivas,0,,,,,"GOOGLE_MAPS_API_KEY not set, lookup skipped"
hyderabad,srinivasa reddy,Srinivasa Reddy,0,,,,,"GOOGLE_MAPS_API_KEY not set, lookup skipped"
hyderabad,sritha constructions,Sritha Constructions,0,,,,,"GOOGLE_MAPS_API_KEY not set, lookup skipped"
hyderabad,sunshine property services,Sunshine Property Services,0,,,,,"GOOGLE_MAPS_API_KEY not set, lookup skipped"
hyderabad,suraj realestates realestates,Suraj Realestates Realestates,0,,,,,"GOOGLE_MAPS_API_KEY not set, lookup skipped"
hyderabad,swaasa real estate consultancy,Swaasa Real Estate Consultancy,0,,,,,"GOOGLE_MAPS_API_KEY not set, lookup skipped"
hyderabad,sweet homes vahid,Sweet Homes Vahid,0,,,,,"GOOGLE_MAPS_API_KEY not set, lookup skipped"
hyderabad,tiranga realty,Tiranga Realty,0,,,,,"GOOGLE_MAPS_API_KEY not set, lookup skipped"
hyderabad,ultra realty,Ultra Realty,0,,,,,"GOOGLE_MAPS_API_KEY not set, lookup skipped"
hyderabad,v space,V Space,0,,,,,"GOOGLE_MAPS_API_KEY not set, lookup skipped"
hyderabad,value nest global nri realty,Value Nest Global NRI Realty,0,,,,,"GOOGLE_MAPS_API_KEY not set, lookup skipped"
hyderabad,vara prasad,Vara Prasad,0,,,,,"GOOGLE_MAPS_API_KEY not set, lookup skipped"
hyderabad,venkat reddy sripathy,Venkat Reddy Sripathy,0,,,,,"GOOGLE_MAPS_API_KEY not set, lookup skipped"
hyderabad,venkatesh,Venkatesh,0,,,,,"GOOGLE_MAPS_API_KEY not set, lookup skipped"
hyderabad,vijay associate,Vijay Associate,0,,,,,"GOOGLE_MAPS_API_KEY not set, lookup skipped"
mumbai,a & z realtors,A & Z Realtors,0,,,,,"GOOGLE_MAPS_API_KEY not set, lookup skipped"
mumbai,a. j housing,A. J Housing,0,,,,,"GOOGLE_MAPS_API_KEY not set, lookup skipped"
mumbai,a.t.s consultancy,A.T.S Consultancy,0,,,,,"GOOGLE_MAPS_API_KEY not set, lookup skipped"
mumbai,aangan property consultant,Aangan Property Consultant,0,,,,,"GOOGLE_MAPS_API_KEY not set, lookup skipped"
mumbai,aarambh properties,Aarambh Properties,0,,,,,"GOOGLE_MAPS_API_KEY not set, lookup skipped"
mumbai,aarav properties,Aarav Properties,0,,,,,"GOOGLE_MAPS_API_KEY not set, lookup skipped"
mumbai,aarav realty,Aarav Realty,0,,,,,"GOOGLE_MAPS_API_KEY not set, lookup skipped"
mumbai,aarti realtors,Aarti Realtors,0,,,,,"GOOGLE_MAPS_API_KEY not set, lookup skipped"
mumbai,accurate deals,Accurate Deals,0,,,,,"GOOGLE_MAPS_API_KEY not set, lookup skipped"
mumbai,aditya properties,Aditya Properties,0,,,,,"GOOGLE_MAPS_API_KEY not set, lookup skipped"
mumbai,adona homes,Adona Homes,0,,,,,"GOOGLE_MAPS_API_KEY not set, lookup skipped"
mumbai,adona realty,Adona Realty,0,,,,,"GOOGLE_MAPS_API_KEY not set, lookup skipped"
mumbai,adrian dsouza estate,Adrian Dsouza Estate,0,,,,,"GOOGLE_MAPS_API_KEY not set, lookup skipped"
mumbai,agarwal properties,Agarwal Properties,0,,,,,"GOOGLE_MAPS_API_KEY not set, lookup skipped"
mumbai,agrawal property consultant,Agrawal Property Consultant,0,,,,,"GOOGLE_MAPS_API_KEY not set, lookup skipped"
mumbai,ajay arya,Ajay Arya,0,,,,,"GOOGLE_MAPS_API_KEY not set, lookup skipped"
mumbai,ajay tiwari,Ajay Tiwari,0,,,,,"GOOGLE_MAPS_API_KEY not set, lookup skipped"
mumbai,ajmera properties,Ajmera Properties,0,,,,,"GOOGLE_MAPS_API_KEY not set, lookup skipped"
mumbai,alif estate consultants,Alif Estate Consultants,0,,,,,"GOOGLE_MAPS_API_KEY not set, lookup skipped"
mumbai,alveera homes,Alveera Homes,0,,,,,"GOOGLE_MAPS_API_KEY not set, lookup skipped"
mumbai,amit dubey,Amit Dubey,0,,,,,"GOOGLE_MAPS_API_KEY not set, lookup skipped"
mumbai,amol real estate,Amol Real Estate,0,,,,,"GOOGLE_MAPS_API_KEY not set, lookup skipped"
mumbai,ankit,Ankit,0,,,,,"GOOGLE_MAPS_API_KEY not set, lookup skipped"
mumbai,anushka realtors,Anushka Realtors,0,,,,,"GOOGLE_MAPS_API_KEY not set, lookup skipped"
mumbai,arihant associates,Arihant Associates,0,,,,,"GOOGLE_MAPS_API_KEY not set, lookup skipped"
mumbai,arihant real estate,Arihant Real Estate,0,,,,,"GOOGLE_MAPS_API_KEY not set, lookup skipped"
mumbai,arvind thakur,Arvind Thakur,0,,,,,"GOOGLE_MAPS_API_KEY not set, lookup skipped"
mumbai,ashwin sheth group and emami group,Ashwin Sheth Group And Emami Group,0,,,,,"GOOGLE_MAPS_API_KEY not set, lookup skipped"
mumbai,asmita estate agency,Asmita Estate Agency,0,,,,,"GOOGLE_MAPS_API_KEY not set, lookup skipped"
mumbai,asset aspire,Asset Aspire,0,,,,,"GOOGLE_MAPS_API_KEY not set, lookup skipped"
mumbai,asset zone,Asset Zone,0,,,,,"GOOGLE_MAPS_API_KEY not set, lookup skipped"
mumbai,atul projects,Atul Projects,0,,,,,"GOOGLE_MAPS_API_KEY not set, lookup skipped"
mumbai,aureus property advisors,Aureus Property Advisors,0,,,,,"GOOGLE_MAPS_API_KEY not set, lookup skipped"
mumbai,avant group,Avant Group,0,,,,,"GOOGLE_MAPS_API_KEY not set, lookup skipped"
mumbai,avon housing,Avon Housing,0,,,,,"GOOGLE_MAPS_API_KEY not set, lookup skipped"
mumbai,balaji enterprises,Balaji Enterprises,0,,,,,"GOOGLE_MAPS_API_KEY not set, lookup skipped"
mumbai,balaji real estate,Balaji Real Estate,0,,,,,"GOOGLE_MAPS_API_KEY not set, lookup skipped"
mumbai,barudgar property,Barudgar Property,0,,,,,"GOOGLE_MAPS_API_KEY not set, lookup skipped"
mumbai,be realty,Be Realty,0,,,,,"GOOGLE_MAPS_API_KEY not set, lookup skipped"
mumbai,bellevie rental and resale,BelleVie Rental And Resale,0,,,,,"GOOGLE_MAPS_API_KEY not set, lookup skipped"
mumbai,bhageerati real estate,Bhageerati Real Estate,0,,,,,"GOOGLE_MAPS_API_KEY not set, lookup skipped"
mumbai,bhanushali estate agency,Bhanushali Estate Agency,0,,,,,"GOOGLE_MAPS_API_KEY not set, lookup skipped"
mumbai,bhavnani real estate,Bhavnani Real Estate,0,,,,,"GOOGLE_MAPS_API_KEY not set, lookup skipped"
mumbai,bhavya bhairav real estate,Bhavya Bhairav Real Estate,0,,,,,"GOOGLE_MAPS_API_KEY not set, lookup skipped"
mumbai,bhoomi realty,Bhoomi Realty,0,,,,,"GOOGLE_MAPS_API_KEY not set, lookup skipped"
mumbai,bhutta estate agency,Bhutta Estate Agency,0,,,,,"GOOGLE_MAPS_API_KEY not set, lookup skipped"
mumbai,blessing home realtors,Blessing Home Realtors,0,,,,,"GOOGLE_MAPS_API_KEY not set, lookup skipped"
mumbai,blossom realty,Blossom Realty,0,,,,,"GOOGLE_MAPS_API_KEY not set, lookup skipped"
mumbai,blue earth property,Blue Earth Property,0,,,,,"GOOGLE_MAPS_API_KEY not set, lookup skipped"
mumbai,blue sapphire,Blue Sapphire,0,,,,,"GOOGLE_MAPS_API_KEY not set, lookup skipped"
mumbai,bmg properties,BMG Properties,0,,,,,"GOOGLE_MAPS_API_KEY not set, lookup skipped"
mumbai,bombay housing realty consultant,Bombay Housing Realty Consultant,0,,,,,"GOOGLE_MAPS_API_KEY not set, lookup skipped"
mumbai,book of properties,Book Of Properties,0,,,,,"GOOGLE_MAPS_API_KEY not set, lookup skipped"
mumbai,brahma realtors,Brahma Realtors,0,,,,,"GOOGLE_MAPS_API_KEY not set, lookup skipped"
mumbai,brc realty,BRC Realty,0,,,,,"GOOGLE_MAPS_API_KEY not set, lookup skipped"
mumbai,brij realty,Brij Realty,0,,,,,"GOOGLE_MAPS_API_KEY not set, lookup skipped"
mumbai,brokio realty,Brokio Realty,0,,,,,"GOOGLE_MAPS_API_KEY not set, lookup skipped"
mumbai,buddhay royal enterprises,Buddhay Royal Enterprises,0,,,,,"GOOGLE_MAPS_API_KEY not set, lookup skipped"
mumbai,buri kali mata real estate consultant,Buri Kali Mata Real Estate Consultant,0,,,,,"GOOGLE_MAPS_API_KEY not set, lookup skipped"
mumbai,chaitanya enterprises,Chaitanya Enterprises,0,,,,,"GOOGLE_MAPS_API_KEY not set, lookup skipped"
mumbai,changod estate bhavesh barot barot,Changod Estate Bhavesh Barot Barot,0,,,,,"GOOGLE_MAPS_API_KEY not set, lookup skipped"
mumbai,charmy consultancy,Charmy Consultancy,0,,,,,"GOOGLE_MAPS_API_KEY not set, lookup skipped"
mumbai,chetan,Chetan,0,,,,,"GOOGLE_MAPS_API_KEY not set, lookup skipped"
mumbai,chhabria housing llp,Chhabria Housing LLP,0,,,,,"GOOGLE_MAPS_API_KEY not set, lookup skipped"
mumbai,choice homes,Choice Homes,0,,,,,"GOOGLE_MAPS_API_KEY not set, lookup skipped"
mumbai,city properties,City Properties,0,,,,,"GOOGLE_MAPS_API_KEY not set, lookup skipped"
mumbai,clean property solutions,Clean Property Solutions,0,,,,,"GOOGLE_MAPS_API_KEY not set, lookup skipped"
mumbai,cordeiro real estate,Cordeiro Real Estate,0,,,,,"GOOGLE_MAPS_API_KEY not set, lookup skipped"
mumbai,crest property solutions llp.,Crest Property Solutions LLP.,0,,,,,"GOOGLE_MAPS_API_KEY not set, lookup skipped"
mumbai,d p realtors,D P Realtors,0,,,,,"GOOGLE_MAPS_API_KEY not set, lookup skipped"
mumbai,d s estate agency,D S Estate Agency,0,,,,,"GOOGLE_MAPS_API_KEY not set, lookup skipped"
mumbai,deal one consultancy,Deal One Consultancy,0,,,,,"GOOGLE_MAPS_API_KEY not set, lookup skipped"
mumbai,deepak jha,Deepak Jha,0,,,,,"GOOGLE_MAPS_API_KEY not set, lookup skipped"
mumbai,deepak sharma,Deepak Sharma,0,,,,,"GOOGLE_MAPS_API_KEY not set, lookup skipped"
mumbai,dhm estates,DHM Estates,0,,,,,"GOOGLE_MAPS_API_KEY not set, lookup skipped"
mumbai,disha properties,Disha Properties,0,,,,,"GOOGLE_MAPS_API_KEY not set, lookup skipped"
mumbai,divyansh properties,Divyansh Properties,0,,,,,"GOOGLE_MAPS_API_KEY not set, lookup skipped"
mumbai,diya realtors,Diya Realtors,0,,,,,"GOOGLE_MAPS_API_KEY not set, lookup skipped"
mumbai,done deal,Done Deal,0,,,,,"GOOGLE_MAPS_API_KEY not set, lookup skipped"
mumbai,dosti homes estate consultants,Dosti Homes Estate Consultants,0,,,,,"GOOGLE_MAPS_API_KEY not set, lookup skipped"
mumbai,dream properties,Dream Properties,0,,,,,"GOOGLE_MAPS_API_KEY not set, lookup skipped"
mumbai,dream spaces,Dream Spaces,0,,,,,"GOOGLE_MAPS_API_KEY not set, lookup skipped"
mumbai,dubai real estate house 53,Dubai Real Estate House 53,0,,,,,"GOOGLE_MAPS_API_KEY not set, lookup skipped"
mumbai,durga realtors,Durga Realtors,0,,,,,"GOOGLE_MAPS_API_KEY not set, lookup skipped"
mumbai,dynamix group,Dynamix Group,0,,,,,"GOOGLE_MAPS_API_KEY not set, lookup skipped"
mumbai,earnest property,Earnest Property,0,,,,,"GOOGLE_MAPS_API_KEY not set, lookup skipped"
mumbai,eiffel realty,Eiffel Realty,0,,,,,"GOOGLE_MAPS_API_KEY not set, lookup skipped"
mumbai,ek om real estate & property consultants,EK OM Real Estate & Property Consultants,0,,,,,"GOOGLE_MAPS_API_KEY not set, lookup skipped"
mumbai,empire world,Empire World,0,,,,,"GOOGLE_MAPS_API_KEY not set, lookup skipped"
mumbai,esspee wintrade consultants pvt. ltd.,Esspee Wintrade Consultants Pvt. Ltd.,0,,,,,"GOOGLE_MAPS_API_KEY not set, lookup skipped"
mumbai,excel realty,Excel Realty,0,,,,,"GOOGLE_MAPS_API_KEY not set, lookup skipped"
mumbai,extra realty,Extra Realty,0,,,,,"GOOGLE_MAPS_API_KEY not set, lookup skipped"
mumbai,fair deal estate consultancy,Fair Deal Estate Consultancy,0,,,,,"GOOGLE_MAPS_API_KEY not set, lookup skipped"
mumbai,fantasy homes,Fantasy Homes,0,,,,,"GOOGLE_MAPS_API_KEY not set, lookup skipped"
mumbai,flats & offices,Flats & Offices,0,,,,,"GOOGLE_MAPS_API_KEY not set, lookup skipped"
mumbai,fortune realty,Fortune Realty,0,,,,,"GOOGLE_MAPS_API_KEY not set, lookup skipped"
mumbai,four walls real estate consultant,Four Walls Real Estate Consultant,0,,,,,"GOOGLE_MAPS_API_KEY not set, lookup skipped"
mumbai,future enterprises,Future Enterprises,0,,,,,"GOOGLE_MAPS_API_KEY not set, lookup skipped"
mumbai,galaxy estate consultancy,Galaxy Estate Consultancy,0,,,,,"GOOGLE_MAPS_API_KEY not set, lookup skipped"
mumbai,galaxy realtors,Galaxy Realtors,0,,,,,"GOOGLE_MAPS_API_KEY not set, lookup skipped"
mumbai,gayatri real estate advisory,Gayatri Real Estate Advisory,0,,,,,"GOOGLE_MAPS_API_KEY not set, lookup skipped"
mumbai,gem homes advisory and realtors,Gem Homes Advisory And Realtors,0,,,,,"GOOGLE_MAPS_API_KEY not set, lookup skipped"
mumbai,genuine brothers,Genuine Brothers,0,,,,,"GOOGLE_MAPS_API_KEY not set, lookup skipped"
mumbai,ghag realty,Ghag Realty,0,,,,,"GOOGLE_MAPS_API_KEY not set, lookup skipped"
mumbai,ghar apna,Ghar Apna,0,,,,,"GOOGLE_MAPS_API_KEY not set, lookup skipped"
mumbai,gharkul property,Gharkul Property,0,,,,,"GOOGLE_MAPS_API_KEY not set, lookup skipped"
mumbai,ghrihum real estate,Ghrihum Real Estate,0,,,,,"GOOGLE_MAPS_API_KEY not set, lookup skipped"
mumbai,global real estate consultant,Global Real Estate Consultant,0,,,,,"GOOGLE_MAPS_API_KEY not set, lookup skipped"
mumbai,godfrey gracias,Godfrey Gracias,0,,,,,"GOOGLE_MAPS_API_KEY not set, lookup skipped"
mumbai,godspeed realties,Godspeed Realties,0,,,,,"GOOGLE_MAPS_API_KEY not set, lookup skipped"
mumbai,goldbrick property,GoldBrick Property,0,,,,,"GOOGLE_MAPS_API_KEY not set, lookup skipped"
mumbai,golden keys,Golden Keys,0,,,,,"GOOGLE_MAPS_API_KEY not set, lookup skipped"
mumbai,golden sapphire,Golden Sapphire,0,,,,,"GOOGLE_MAPS_API_KEY not set, lookup skipped"
mumbai,green home property,Green Home Property,0,,,,,"GOOGLE_MAPS_API_KEY not set, lookup skipped"
mumbai,group satellite and rockford group,Group Satellite And Rockford Group,0,,,,,"GOOGLE_MAPS_API_KEY not set, lookup skipped"
mumbai,gyan singh,Gyan Singh,0,,,,,"GOOGLE_MAPS_API_KEY not set, lookup skipped"
mumbai,harwani estate consultants,Harwani Estate Consultants,0,,,,,"GOOGLE_MAPS_API_KEY not set, lookup skipped"
mumbai,highlight property,Highlight Property,0,,,,,"GOOGLE_MAPS_API_KEY not set, lookup skipped"
mumbai,highrise estates,Highrise Estates,0,,,,,"GOOGLE_MAPS_API_KEY not set, lookup skipped"
mumbai,hitesh estate consultancy,Hitesh Estate Consultancy,0,,,,,"GOOGLE_MAPS_API_KEY not set, lookup skipped"
mumbai,homeland consultants,Homeland Consultants,0,,,,,"GOOGLE_MAPS_API_KEY not set, lookup skipped"
mumbai,homes 4 all,Homes 4 All,0,,,,,"GOOGLE_MAPS_API_KEY not set, lookup skipped"
mumbai,homesphere realtors,Homesphere Realtors,0,,,,,"GOOGLE_MAPS_API_KEY not set, lookup skipped"
mumbai,house hunt residential & commercial,House Hunt Residential & Commercial,0,,,,,"GOOGLE_MAPS_API_KEY not set, lookup skipped"
mumbai,housewise.in,Housewise.In,0,,,,,"GOOGLE_MAPS_API_KEY not set, lookup skipped"
mumbai,husain s,Husain S,0,,,,,"GOOGLE_MAPS_API_KEY not set, lookup skipped"
mumbai,i stay housing private limited,I STAY HOUSING PRIVATE LIMITED,0,,,,,"GOOGLE_MAPS_API_KEY not set, lookup skipped"
mumbai,ic estate consultancy,IC Estate Consultancy,0,,,,,"GOOGLE_MAPS_API_KEY not set, lookup skipped"
mumbai,ic real estate,IC Real Estate,0,,,,,"GOOGLE_MAPS_API_KEY not set, lookup skipped"
mumbai,infinite real estate consultants,Infinite Real Estate Consultants,0,,,,,"GOOGLE_MAPS_API_KEY not set, lookup skipped"
mumbai,infinity realtors,Infinity Realtors,0,,,,,"GOOGLE_MAPS_API_KEY not set, lookup skipped"
mumbai,inspire property venture,Inspire Property Venture,0,,,,,"GOOGLE_MAPS_API_KEY not set, lookup skipped"
mumbai,ishwar properties,Ishwar Properties,0,,,,,"GOOGLE_MAPS_API_KEY not set, lookup skipped"
mumbai,j b realty,J B Realty,0,,,,,"GOOGLE_MAPS_API_KEY not set, lookup skipped"
mumbai,jai ambe real estate consultants,Jai Ambe Real Estate Consultants,0,,,,,"GOOGLE_MAPS_API_KEY not set, lookup skipped"
mumbai,jaiswal real estate consultant,Jaiswal Real Estate Consultant,0,,,,,"GOOGLE_MAPS_API_KEY not set, lookup skipped"
mumbai,jassi grover,Jassi Grover,0,,,,,"GOOGLE_MAPS_API_KEY not set, lookup skipped"
mumbai,jatin,Jatin,0,,,,,"GOOGLE_MAPS_API_KEY not set, lookup skipped"
mumbai,jawala homes pvt. ltd.,Jawala Homes Pvt. Ltd.,0,,,,,"GOOGLE_MAPS_API_KEY not set, lookup skipped"
mumbai,jayaram mogaveera mogaveera,JAYARAM MOGAVEERA Mogaveera,0,,,,,"GOOGLE_MAPS_API_KEY not set, lookup skipped"
mumbai,jayashree realtors,Jayashree Realtors,0,,,,,"GOOGLE_MAPS_API_KEY not set, lookup skipped"
mumbai,jayson real estate,Jayson Real Estate,0,,,,,"GOOGLE_MAPS_API_KEY not set, lookup skipped"
mumbai,jinay estate consultancy,Jinay Estate Consultancy,0,,,,,"GOOGLE_MAPS_API_KEY not set, lookup skipped"
mumbai,jmd consultants,JMD Consultants,0,,,,,"GOOGLE_MAPS_API_KEY not set, lookup skipped"
mumbai,juhi associates,Juhi Associates,0,,,,,"GOOGLE_MAPS_API_KEY not set, lookup skipped"
mumbai,kaash capital,Kaash Capital,0,,,,,"GOOGLE_MAPS_API_KEY not set, lookup skipped"
mumbai,kailash sawant,Kailash Sawant,0,,,,,"GOOGLE_MAPS_API_KEY not set, lookup skipped"
mumbai,kalpataru estate,Kalpataru Estate,0,,,,,"GOOGLE_MAPS_API_KEY not set, lookup skipped"
mumbai,kalpataru limited,Kalpataru Limited,0,,,,,"GOOGLE_MAPS_API_KEY not set, lookup skipped"
mumbai,kamalnath achari kamalnathachary,Kamalnath Achari Kamalnathachary,0,,,,,"GOOGLE_MAPS_API_KEY not set, lookup skipped"
mumbai,kasaa space realty,Kasaa Space Realty,0,,,,,"GOOGLE_MAPS_API_KEY not set, lookup skipped"
mumbai,kenia estate,Kenia Estate,0,,,,,"GOOGLE_MAPS_API_KEY not set, lookup skipped"
mumbai,kritika real estate agency,Kritika Real Estate Agency,0,,,,,"GOOGLE_MAPS_API_KEY not set, lookup skipped"
mumbai,krshna associate,Krshna Associate,0,,,,,"GOOGLE_MAPS_API_KEY not set, lookup skipped"
mumbai,kumar housing,Kumar Housing,0,,,,,"GOOGLE_MAPS_API_KEY not set, lookup skipped"
mumbai,laer realty,LAER Realty,0,,,,,"GOOGLE_MAPS_API_KEY not set, lookup skipped"
mumbai,landmark estates,Landmark Estates,0,,,,,"GOOGLE_MAPS_API_KEY not set, lookup skipped"
mumbai,laxmi properties,Laxmi Properties,0,,,,,"GOOGLE_MAPS_API_KEY not set, lookup skipped"
mumbai,lifescape realty pvt. ltd.,Lifescape Realty Pvt. Ltd.,0,,,,,"GOOGLE_MAPS_API_KEY not set, lookup skipped"
mumbai,lifestyle property consultants,Lifestyle Property Consultants,0,,,,,"GOOGLE_MAPS_API_KEY not set, lookup skipped"
mumbai,link square,Link Square,0,,,,,"GOOGLE_MAPS_API_KEY not set, lookup skipped"
mumbai,living ideas,Living Ideas,0,,,,,"GOOGLE_MAPS_API_KEY not set, lookup skipped"
mumbai,lookin realty,Lookin Realty,0,,,,,"GOOGLE_MAPS_API_KEY not set, lookup skipped"
mumbai,lotus realtors,Lotus Realtors,0,,,,,"GOOGLE_MAPS_API_KEY not set, lookup skipped"
mumbai,lucky homes real estate,Lucky Homes Real Estate,0,,,,,"GOOGLE_MAPS_API_KEY not set, lookup skipped"
mumbai,lucky real estate,Lucky Real Estate,0,,,,,"GOOGLE_MAPS_API_KEY not set, lookup skipped"
mumbai,m m realty,M M Realty,0,,,,,"GOOGLE_MAPS_API_KEY not set, lookup skipped"
mumbai,m s real estate,M S Real Estate,0,,,,,"GOOGLE_MAPS_API_KEY not set, lookup skipped"
mumbai,madsun realty,Madsun Realty,0,,,,,"GOOGLE_MAPS_API_KEY not set, lookup skipped"
mumbai,magic gates,Magic Gates,0,,,,,"GOOGLE_MAPS_API_KEY not set, lookup skipped"
mumbai,magic home,Magic Home,0,,,,,"GOOGLE_MAPS_API_KEY not set, lookup skipped"
mumbai,mahalaxmi property dealers,Mahalaxmi Property Dealers,0,,,,,"GOOGLE_MAPS_API_KEY not set, lookup skipped"
mumbai,mahindra lifespace developers ltd.,Mahindra Lifespace Developers Ltd.,0,,,,,"GOOGLE_MAPS_API_KEY not set, lookup skipped"
mumbai,mamtani real estate agency,Mamtani Real Estate Agency,0,,,,,"GOOGLE_MAPS_API_KEY not set, lookup skipped"
mumbai,manan realtec pvt. ltd.,Manan Realtec Pvt. Ltd.,0,,,,,"GOOGLE_MAPS_API_KEY not set, lookup skipped"
mumbai,manasvi properties,Manasvi Properties,0,,,,,"GOOGLE_MAPS_API_KEY not set, lookup skipped"
mumbai,mannat homes property,Mannat Homes Property,0,,,,,"GOOGLE_MAPS_API_KEY not set, lookup skipped"
mumbai,marvelous propety & services pvt ltd.,Marvelous Propety & Services Pvt Ltd.,0,,,,,"GOOGLE_MAPS_API_KEY not set, lookup skipped"
mumbai,mas realty,Mas Realty,0,,,,,"GOOGLE_MAPS_API_KEY not set, lookup skipped"
mumbai,max realtors,Max Realtors,0,,,,,"GOOGLE_MAPS_API_KEY not set, lookup skipped"
mumbai,mba properties,MBA Properties,0,,,,,"GOOGLE_MAPS_API_KEY not set, lookup skipped"
mumbai,meena estate agency,Meena Estate Agency,0,,,,,"GOOGLE_MAPS_API_KEY not set, lookup skipped"
mumbai,mehta estate agent,Mehta Estate Agent,0,,,,,"GOOGLE_MAPS_API_KEY not set, lookup skipped"
mumbai,mehul bheda,Mehul Bheda,0,,,,,"GOOGLE_MAPS_API_KEY not set, lookup skipped"
mumbai,meraki habitats llp,Meraki Habitats LLP,0,,,,,"GOOGLE_MAPS_API_KEY not set, lookup skipped"
mumbai,metathrive realty,Metathrive Realty,0,,,,,"GOOGLE_MAPS_API_KEY not set, lookup skipped"
mumbai,metro properties,Metro Properties,0,,,,,"GOOGLE_MAPS_API_KEY not set, lookup skipped"
mumbai,mg realtors,MG Realtors,0,,,,,"GOOGLE_MAPS_API_KEY not set, lookup skipped"
mumbai,mishra properties,Mishra Properties,0,,,,,"GOOGLE_MAPS_API_KEY not set, lookup skipped"
mumbai,mnre,MNRE,0,,,,,"GOOGLE_MAPS_API_KEY not set, lookup skipped"
mumbai,mumbai realtors,Mumbai Realtors,0,,,,,"GOOGLE_MAPS_API_KEY not set, lookup skipped"
mumbai,mumbai realty,Mumbai Realty,0,,,,,"GOOGLE_MAPS_API_KEY not set, lookup skipped"
mumbai,mumbai skylines,Mumbai Skylines,0,,,,,"GOOGLE_MAPS_API_KEY not set, lookup skipped"
mumbai,my home estate agency,My Home Estate Agency,0,,,,,"GOOGLE_MAPS_API_KEY not set, lookup skipped"
mumbai,my home property consultants,My Home Property Consultants,0,,,,,"GOOGLE_MAPS_API_KEY not set, lookup skipped"
mumbai,my propertty managerr,My Propertty Managerr,0,,,,,"GOOGLE_MAPS_API_KEY not set, lookup skipped"
mumbai,my space realty,My Space Realty,0,,,,,"GOOGLE_MAPS_API_KEY not set, lookup skipped"
mumbai,nabi shaikh,Nabi Shaikh,0,,,,,"GOOGLE_MAPS_API_KEY not set, lookup skipped"
mumbai,naina properties,Naina Properties,0,,,,,"GOOGLE_MAPS_API_KEY not set, lookup skipped"
mumbai,namrata estate consultancy,Namrata Estate Consultancy,0,,,,,"GOOGLE_MAPS_API_KEY not set, lookup skipped"
mumbai,navigators realty,Navigators Realty,0,,,,,"GOOGLE_MAPS_API_KEY not set, lookup skipped"
mumbai,navkar estates,Navkar Estates,0,,,,,"GOOGLE_MAPS_API_KEY not set, lookup skipped"
mumbai,navodayan proptech pvt ltd (xpertarc),Navodayan Proptech Pvt Ltd (XpertARC),0,,,,,"GOOGLE_MAPS_API_KEY not set, lookup skipped"
mumbai,neelam consultant,Neelam Consultant,0,,,,,"GOOGLE_MAPS_API_KEY not set, lookup skipped"
mumbai,nestwise realtors,Nestwise Realtors,0,,,,,"GOOGLE_MAPS_API_KEY not set, lookup skipped"
mumbai,new haus consultants,New Haus Consultants,0,,,,,"GOOGLE_MAPS_API_KEY not set, lookup skipped"
mumbai,new haus estates pvt. ltd.,New Haus Estates Pvt. Ltd.,0,,,,,"GOOGLE_MAPS_API_KEY not set, lookup skipped"
mumbai,nirvana homes,Nirvana Homes,0,,,,,"GOOGLE_MAPS_API_KEY not set, lookup skipped"
mumbai,nitin property consultant,Nitin Property Consultant,0,,,,,"GOOGLE_MAPS_API_KEY not set, lookup skipped"
mumbai,northwhite real estate advisory,Northwhite Real Estate Advisory,0,,,,,"GOOGLE_MAPS_API_KEY not set, lookup skipped"
mumbai,olive address,Olive Address,0,,,,,"GOOGLE_MAPS_API_KEY not set, lookup skipped"
mumbai,om realty,Om Realty,0,,,,,"GOOGLE_MAPS_API_KEY not set, lookup skipped"
mumbai,om sai properties,Om Sai Properties,0,,,,,"GOOGLE_MAPS_API_KEY not set, lookup skipped"
mumbai,om sai real estate,Om Sai Real Estate,0,,,,,"GOOGLE_MAPS_API_KEY not set, lookup skipped"
mumbai,om siddhi properties,Om Siddhi Properties,0,,,,,"GOOGLE_MAPS_API_KEY not set, lookup skipped"
mumbai,om swastik estate,Om Swastik Estate,0,,,,,"GOOGLE_MAPS_API_KEY not set, lookup skipped"
mumbai,one roof realty llp,One Roof Realty LLP,0,,,,,"GOOGLE_MAPS_API_KEY not set, lookup skipped"
mumbai,pacific estates,Pacific Estates,0,,,,,"GOOGLE_MAPS_API_KEY not set, lookup skipped"
mumbai,pankaj dembla,Pankaj Dembla,0,,,,,"GOOGLE_MAPS_API_KEY not set, lookup skipped"
mumbai,panom developers,Panom Developers,0,,,,,"GOOGLE_MAPS_API_KEY not set, lookup skipped"
mumbai,parasrampuria estate agency,Parasrampuria Estate Agency,0,,,,,"GOOGLE_MAPS_API_KEY not set, lookup skipped"
mumbai,parin patel,Parin Patel,0,,,,,"GOOGLE_MAPS_API_KEY not set, lookup skipped"
mumbai,patel finance,Patel Finance,0,,,,,"GOOGLE_MAPS_API_KEY not set, lookup skipped"
mumbai,pavan properties,Pavan Properties,0,,,,,"GOOGLE_MAPS_API_KEY not set, lookup skipped"
mumbai,pawan dubey,Pawan Dubey,0,,,,,"GOOGLE_MAPS_API_KEY not set, lookup skipped"
mumbai,perks links and services private limited,Perks Links And Services Private Limited,0,,,,,"GOOGLE_MAPS_API_KEY not set, lookup skipped"
mumbai,persqrfoot realty,Persqrfoot Realty,0,,,,,"GOOGLE_MAPS_API_KEY not set, lookup skipped"
mumbai,pintu gupta,Pintu Gupta,0,,,,,"GOOGLE_MAPS_API_KEY not set, lookup skipped"
mumbai,plexus realtors,Plexus Realtors,0,,,,,"GOOGLE_MAPS_API_KEY not set, lookup skipped"
mumbai,pooja estate,Pooja Estate,0,,,,,"GOOGLE_MAPS_API_KEY not set, lookup skipped"
mumbai,popular enterprises,Popular Enterprises,0,,,,,"GOOGLE_MAPS_API_KEY not set, lookup skipped"
mumbai,prakash,Prakash,0,,,,,"GOOGLE_MAPS_API_KEY not set, lookup skipped"
mumbai,prashant agarwal,Prashant Agarwal,0,,,,,"GOOGLE_MAPS_API_KEY not set, lookup skipped"
mumbai,pratiksha gaikwad real estate agent,Pratiksha Gaikwad Real Estate Agent,0,,,,,"GOOGLE_MAPS_API_KEY not set, lookup skipped"
mumbai,pravin vaishnav realtors,Pravin Vaishnav Realtors,0,,,,,"GOOGLE_MAPS_API_KEY not set, lookup skipped"
mumbai,prem estate agency,Prem Estate Agency,0,,,,,"GOOGLE_MAPS_API_KEY not set, lookup skipped"
mumbai,prestige group,Prestige Group,0,,,,,"GOOGLE_MAPS_API_KEY not set, lookup skipped"
mumbai,priime property dealer,Priime Property Dealer,0,,,,,"GOOGLE_MAPS_API_KEY not set, lookup skipped"
mumbai,prime properties,Prime Properties,0,,,,,"GOOGLE_MAPS_API_KEY not set, lookup skipped"
mumbai,priya real estate consultant,Priya Real Estate Consultant,0,,,,,"GOOGLE_MAPS_API_KEY not set, lookup skipped"
mumbai,property dealer,Property Dealer,0,,,,,"GOOGLE_MAPS_API_KEY not set, lookup skipped"
mumbai,property essential,Property Essential,0,,,,,"GOOGLE_MAPS_API_KEY not set, lookup skipped"
mumbai,property expert,Property Expert,0,,,,,"GOOGLE_MAPS_API_KEY not set, lookup skipped"
mumbai,property fete services pvt. ltd.,Property Fete Services Pvt. Ltd.,0,,,,,"GOOGLE_MAPS_API_KEY not set, lookup skipped"
mumbai,property first,Property First,0,,,,,"GOOGLE_MAPS_API_KEY not set, lookup skipped"
mumbai,property lifestyle,Property Lifestyle,0,,,,,"GOOGLE_MAPS_API_KEY not set, lookup skipped"
mumbai,property pistol realty pvt. ltd.,Property Pistol Realty Pvt. Ltd.,0,,,,,"GOOGLE_MAPS_API_KEY not set, lookup skipped"
mumbai,property pro,Property Pro,0,,,,,"GOOGLE_MAPS_API_KEY not set, lookup skipped"
mumbai,property rangers,Property Rangers,0,,,,,"GOOGLE_MAPS_API_KEY not set, lookup skipped"
mumbai,property shark,Property Shark,0,,,,,"GOOGLE_MAPS_API_KEY not set, lookup skipped"
mumbai,propknight real estate &amp; investment solutions,Propknight Real Estate &Amp; Investment Solutions,0,,,,,"GOOGLE_MAPS_API_KEY not set, lookup skipped"
mumbai,pujari realty,Pujari Realty,0,,,,,"GOOGLE_MAPS_API_KEY not set, lookup skipped"
mumbai,r a property,R A Property,0,,,,,"GOOGLE_MAPS_API_KEY not set, lookup skipped"
mumbai,r d brothers,R D Brothers,0,,,,,"GOOGLE_MAPS_API_KEY not set, lookup skipped"
mumbai,r l realty,R L Realty,0,,,,,"GOOGLE_MAPS_API_KEY not set, lookup skipped"
mumbai,r. k. realtors,R. K. Realtors,0,,,,,"GOOGLE_MAPS_API_KEY not set, lookup skipped"
mumbai,raas realtors,RAAS Realtors,0,,,,,"GOOGLE_MAPS_API_KEY not set, lookup skipped"
mumbai,radhakrishna realty,Radhakrishna Realty,0,,,,,"GOOGLE_MAPS_API_KEY not set, lookup skipped"
mumbai,raj mishra,Raj Mishra,0,,,,,"GOOGLE_MAPS_API_KEY not set, lookup skipped"
mumbai,raj realty,Raj Realty,0,,,,,"GOOGLE_MAPS_API_KEY not set, lookup skipped"
mumbai,rajani property consultants,Rajani Property Consultants,0,,,,,"GOOGLE_MAPS_API_KEY not set, lookup skipped"
mumbai,rajesh real estate agency,Rajesh Real Estate Agency,0,,,,,"GOOGLE_MAPS_API_KEY not set, lookup skipped"
mumbai,raju achpilia,Raju Achpilia,0,,,,,"GOOGLE_MAPS_API_KEY not set, lookup skipped"
mumbai,ram real estate,Ram Real Estate,0,,,,,"GOOGLE_MAPS_API_KEY not set, lookup skipped"
mumbai,ranjit kumar,Ranjit Kumar,0,,,,,"GOOGLE_MAPS_API_KEY not set, lookup skipped"
mumbai,raymond realty,Raymond Realty,0,,,,,"GOOGLE_MAPS_API_KEY not set, lookup skipped"
mumbai,real assets advisors,Real Assets Advisors,0,,,,,"GOOGLE_MAPS_API_KEY not set, lookup skipped"
mumbai,real estate agents,Real Estate Agents,0,,,,,"GOOGLE_MAPS_API_KEY not set, lookup skipped"
mumbai,real property consultant,Real Property Consultant,0,,,,,"GOOGLE_MAPS_API_KEY not set, lookup skipped"
mumbai,realogic advisory services,Realogic Advisory Services,0,,,,,"GOOGLE_MAPS_API_KEY not set, lookup skipped"
mumbai,realty adwise,Realty Adwise,0,,,,,"GOOGLE_MAPS_API_KEY not set, lookup skipped"
mumbai,realty spaces,Realty Spaces,0,,,,,"GOOGLE_MAPS_API_KEY not set, lookup skipped"
mumbai,rent key,Rent Key,0,,,,,"GOOGLE_MAPS_API_KEY not set, lookup skipped"
mumbai,resicom capital advisors,Resicom Capital Advisors,0,,,,,"GOOGLE_MAPS_API_KEY not set, lookup skipped"
mumbai,riddhi housing,Riddhi Housing,0,,,,,"GOOGLE_MAPS_API_KEY not set, lookup skipped"
mumbai,riddhisiddhi property,Riddhisiddhi Property,0,,,,,"GOOGLE_MAPS_API_KEY not set, lookup skipped"
mumbai,right assets property,Right Assets Property,0,,,,,"GOOGLE_MAPS_API_KEY not set, lookup skipped"
mumbai,right house properties,Right House Properties,0,,,,,"GOOGLE_MAPS_API_KEY not set, lookup skipped"
mumbai,rohit,Rohit,0,,,,,"GOOGLE_MAPS_API_KEY not set, lookup skipped"
mumbai,ronak estate consultant,Ronak Estate Consultant,0,,,,,"GOOGLE_MAPS_API_KEY not set, lookup skipped"
mumbai,royal properties,Royal Properties,0,,,,,"GOOGLE_MAPS_API_KEY not set, lookup skipped"
mumbai,royal roof real estate consultants,Royal Roof Real Estate Consultants,0,,,,,"GOOGLE_MAPS_API_KEY not set, lookup skipped"
mumbai,rubaru global real estate private limited,Rubaru Global Real Estate Private Limited,0,,,,,"GOOGLE_MAPS_API_KEY not set, lookup skipped"
mumbai,ruchika shelters,Ruchika Shelters,0,,,,,"GOOGLE_MAPS_API_KEY not set, lookup skipped"
mumbai,rudra properties,Rudra Properties,0,,,,,"GOOGLE_MAPS_API_KEY not set, lookup skipped"
mumbai,runwal enterprises,Runwal Enterprises,0,,,,,"GOOGLE_MAPS_API_KEY not set, lookup skipped"
mumbai,ruparel realty,Ruparel Realty,0,,,,,"GOOGLE_MAPS_API_KEY not set, lookup skipped"
mumbai,rupiyaa realty,Rupiyaa Realty,0,,,,,"GOOGLE_MAPS_API_KEY not set, lookup skipped"
mumbai,ruvin dsouza,Ruvin Dsouza,0,,,,,"GOOGLE_MAPS_API_KEY not set, lookup skipped"
mumbai,s k estate agency,S K Estate Agency,0,,,,,"GOOGLE_MAPS_API_KEY not set, lookup skipped"
mumbai,s k realtors,S K Realtors,0,,,,,"GOOGLE_MAPS_API_KEY not set, lookup skipped"
mumbai,s k realty,S K Realty,0,,,,,"GOOGLE_MAPS_API_KEY not set, lookup skipped"
mumbai,s r k properties,S R K Properties,0,,,,,"GOOGLE_MAPS_API_KEY not set, lookup skipped"
mumbai,sachin,Sachin,0,,,,,"GOOGLE_MAPS_API_KEY not set, lookup skipped"
mumbai,sadguru estate consultants,Sadguru Estate Consultants,0,,,,,"GOOGLE_MAPS_API_KEY not set, lookup skipped"
mumbai,sagar shah,Sagar Shah,0,,,,,"GOOGLE_MAPS_API_KEY not set, lookup skipped"
mumbai,sahil consultancy real estate,Sahil Consultancy Real Estate,0,,,,,"GOOGLE_MAPS_API_KEY not set, lookup skipped"
mumbai,sai shraddha estate agency,Sai Shraddha Estate Agency,0,,,,,"GOOGLE_MAPS_API_KEY not set, lookup skipped"
mumbai,sai sidhi realty,Sai Sidhi Realty,0,,,,,"GOOGLE_MAPS_API_KEY not set, lookup skipped"
mumbai,sai sprash real estate agency,Sai Sprash Real Estate Agency,0,,,,,"GOOGLE_MAPS_API_KEY not set, lookup skipped"
mumbai,sainath estate,Sainath Estate,0,,,,,"GOOGLE_MAPS_API_KEY not set, lookup skipped"
mumbai,sairaj real estate,Sairaj Real Estate,0,,,,,"GOOGLE_MAPS_API_KEY not set, lookup skipped"
mumbai,saksham properties solutions,Saksham Properties Solutions,0,,,,,"GOOGLE_MAPS_API_KEY not set, lookup skipped"
mumbai,salasar realtors,SALASAR REALTORS,0,,,,,"GOOGLE_MAPS_API_KEY not set, lookup skipped"
mumbai,sales team,Sales Team,0,,,,,"GOOGLE_MAPS_API_KEY not set, lookup skipped"
mumbai,sameer,Sameer,0,,,,,"GOOGLE_MAPS_API_KEY not set, lookup skipped"
mumbai,sameer singh,Sameer Singh,0,,,,,"GOOGLE_MAPS_API_KEY not set, lookup skipped"
mumbai,sammaan capital,Sammaan Capital,0,,,,,"GOOGLE_MAPS_API_KEY not set, lookup skipped"
mumbai,sanjay sethi,SANJAY SETHI,0,,,,,"GOOGLE_MAPS_API_KEY not set, lookup skipped"
mumbai,sanjivv kumarr beri,Sanjivv Kumarr Beri,0,,,,,"GOOGLE_MAPS_API_KEY not set, lookup skipped"
mumbai,sankalp siddhi properties,Sankalp Siddhi Properties,0,,,,,"GOOGLE_MAPS_API_KEY not set, lookup skipped"
mumbai,santosh,Santosh,0,,,,,"GOOGLE_MAPS_API_KEY not set, lookup skipped"
mumbai,sarwar alam,Sarwar Alam,0,,,,,"GOOGLE_MAPS_API_KEY not set, lookup skipped"
mumbai,satellite developers pvt. ltd,Satellite Developers Pvt. Ltd,0,,,,,"GOOGLE_MAPS_API_KEY not set, lookup skipped"
mumbai,shah consultancy,Shah Consultancy,0,,,,,"GOOGLE_MAPS_API_KEY not set, lookup skipped"
mumbai,shah group,Shah Group,0,,,,,"GOOGLE_MAPS_API_KEY not set, lookup skipped"
mumbai,shah realtors,Shah Realtors,0,,,,,"GOOGLE_MAPS_API_KEY not set, lookup skipped"
mumbai,shanti estate agency,Shanti Estate Agency,0,,,,,"GOOGLE_MAPS_API_KEY not set, lookup skipped"
mumbai,sharmaji,Sharmaji,0,,,,,"GOOGLE_MAPS_API_KEY not set, lookup skipped"
mumbai,sharon co realty,Sharon Co Realty,0,,,,,"GOOGLE_MAPS_API_KEY not set, lookup skipped"
mumbai,shashank realties,Shashank Realties,0,,,,,"GOOGLE_MAPS_API_KEY not set, lookup skipped"
mumbai,shiv estate agency,Shiv Estate Agency,0,,,,,"GOOGLE_MAPS_API_KEY not set, lookup skipped"
mumbai,shivaji kalekar,Shivaji Kalekar,0,,,,,"GOOGLE_MAPS_API_KEY not set, lookup skipped"
mumbai,shree siddhvinayak estate agency,Shree Siddhvinayak Estate Agency,0,,,,,"GOOGLE_MAPS_API_KEY not set, lookup skipped"
mumbai,shreeram property consultant,Shreeram Property Consultant,0,,,,,"GOOGLE_MAPS_API_KEY not set, lookup skipped"
mumbai,shrenik,Shrenik,0,,,,,"GOOGLE_MAPS_API_KEY not set, lookup skipped"
mumbai,shri krishna real estate,Shri Krishna Real Estate,0,,,,,"GOOGLE_MAPS_API_KEY not set, lookup skipped"
mumbai,shri niketan property dealer,Shri Niketan Property Dealer,0,,,,,"GOOGLE_MAPS_API_KEY not set, lookup skipped"
mumbai,shri satnarayan real estate consultancy,Shri Satnarayan Real Estate Consultancy,0,,,,,"GOOGLE_MAPS_API_KEY not set, lookup skipped"
mumbai,shriji realtors,Shriji Realtors,0,,,,,"GOOGLE_MAPS_API_KEY not set, lookup skipped"
mumbai,shripad rege real estate consultant,Shripad Rege Real Estate Consultant,0,,,,,"GOOGLE_MAPS_API_KEY not set, lookup skipped"
mumbai,shruti,Shruti,0,,,,,"GOOGLE_MAPS_API_KEY not set, lookup skipped"
mumbai,shubh laxmi real estate consultant,Shubh Laxmi Real Estate Consultant,0,,,,,"GOOGLE_MAPS_API_KEY not set, lookup skipped"
mumbai,shubham properties,Shubham Properties,0,,,,,"GOOGLE_MAPS_API_KEY not set, lookup skipped"
mumbai,shyam balani & company,Shyam Balani & Company,0,,,,,"GOOGLE_MAPS_API_KEY not set, lookup skipped"
mumbai,siddhi,Siddhi,0,,,,,"GOOGLE_MAPS_API_KEY not set, lookup skipped"
mumbai,siddhivinayak realty,Siddhivinayak Realty,0,,,,,"GOOGLE_MAPS_API_KEY not set, lookup skipped"
mumbai,sigma consultancy,Sigma Consultancy,0,,,,,"GOOGLE_MAPS_API_KEY not set, lookup skipped"
mumbai,silver key marketing services llp,Silver Key Marketing Services LLP,0,,,,,"GOOGLE_MAPS_API_KEY not set, lookup skipped"
mumbai,silvernest rema,Silvernest Rema,0,,,,,"GOOGLE_MAPS_API_KEY not set, lookup skipped"
mumbai,sindhi estate consultants,Sindhi Estate Consultants,0,,,,,"GOOGLE_MAPS_API_KEY not set, lookup skipped"
mumbai,sk property,SK Property,0,,,,,"GOOGLE_MAPS_API_KEY not set, lookup skipped"
mumbai,skyward realty,Skyward Realty,0,,,,,"GOOGLE_MAPS_API_KEY not set, lookup skipped"
mumbai,soaring real fin tech pvt ltd,Soaring Real Fin Tech Pvt Ltd,0,,,,,"GOOGLE_MAPS_API_KEY not set, lookup skipped"
mumbai,sobo properties and services,Sobo Properties And Services,0,,,,,"GOOGLE_MAPS_API_KEY not set, lookup skipped"
mumbai,sohum estate agency,Sohum Estate Agency,0,,,,,"GOOGLE_MAPS_API_KEY not set, lookup skipped"
mumbai,som realtors,SOM Realtors,0,,,,,"GOOGLE_MAPS_API_KEY not set, lookup skipped"
mumbai,somjai realtors,Somjai Realtors,0,,,,,"GOOGLE_MAPS_API_KEY not set, lookup skipped"
mumbai,soulful properties,Soulful Properties,0,,,,,"GOOGLE_MAPS_API_KEY not set, lookup skipped"
mumbai,space realty plus,Space Realty Plus,0,,,,,"GOOGLE_MAPS_API_KEY not set, lookup skipped"
mumbai,spaces and places,Spaces And Places,0,,,,,"GOOGLE_MAPS_API_KEY not set, lookup skipped"
mumbai,spectraa real estate advisory,Spectraa Real Estate Advisory,0,,,,,"GOOGLE_MAPS_API_KEY not set, lookup skipped"
mumbai,srushtiraj enterprises,Srushtiraj Enterprises,0,,,,,"GOOGLE_MAPS_API_KEY not set, lookup skipped"
mumbai,star estate consultants,Star Estate Consultants,0,,,,,"GOOGLE_MAPS_API_KEY not set, lookup skipped"
mumbai,star properties,Star Properties,0,,,,,"GOOGLE_MAPS_API_KEY not set, lookup skipped"
mumbai,straight forward estate consultant,Straight Forward Estate Consultant,0,,,,,"GOOGLE_MAPS_API_KEY not set, lookup skipped"
mumbai,sun realty india,Sun Realty India,0,,,,,"GOOGLE_MAPS_API_KEY not set, lookup skipped"
mumbai,sunteck realty ltd.,Sunteck Realty Ltd.,0,,,,,"GOOGLE_MAPS_API_KEY not set, lookup skipped"
mumbai,suntosh,Suntosh,0,,,,,"GOOGLE_MAPS_API_KEY not set, lookup skipped"
mumbai,super porperties,Super Porperties,0,,,,,"GOOGLE_MAPS_API_KEY not set, lookup skipped"
mumbai,supertrust homes pvt ltd,Supertrust Homes Pvt Ltd,0,,,,,"GOOGLE_MAPS_API_KEY not set, lookup skipped"
mumbai,sura estate llp,Sura Estate LLP,0,,,,,"GOOGLE_MAPS_API_KEY not set, lookup skipped"
mumbai,surya realty,Surya Realty,0,,,,,"GOOGLE_MAPS_API_KEY not set, lookup skipped"
mumbai,sushant property india,Sushant Property India,0,,,,,"GOOGLE_MAPS_API_KEY not set, lookup skipped"
mumbai,sushil enterprises,Sushil Enterprises,0,,,,,"GOOGLE_MAPS_API_KEY not set, lookup skipped"
mumbai,swastik properties,Swastik Properties,0,,,,,"GOOGLE_MAPS_API_KEY not set, lookup skipped"
mumbai,tejasvi realty pvt. ltd.,Tejasvi Realty Pvt. Ltd.,0,,,,,"GOOGLE_MAPS_API_KEY not set, lookup skipped"
mumbai,thakker housing corporation,Thakker Housing Corporation,0,,,,,"GOOGLE_MAPS_API_KEY not set, lookup skipped"
mumbai,thakur real estate agency,Thakur Real Estate Agency,0,,,,,"GOOGLE_MAPS_API_KEY not set, lookup skipped"
mumbai,the address realtors,The Address Realtors,0,,,,,"GOOGLE_MAPS_API_KEY not set, lookup skipped"
mumbai,the jangid brothers,The Jangid Brothers,0,,,,,"GOOGLE_MAPS_API_KEY not set, lookup skipped"
mumbai,tohfa property,Tohfa Property,0,,,,,"GOOGLE_MAPS_API_KEY not set, lookup skipped"
mumbai,trimurti properties,Trimurti Properties,0,,,,,"GOOGLE_MAPS_API_KEY not set, lookup skipped"
mumbai,triniti realty,Triniti Realty,0,,,,,"GOOGLE_MAPS_API_KEY not set, lookup skipped"
mumbai,trinity housing,Trinity Housing,0,,,,,"GOOGLE_MAPS_API_KEY not set, lookup skipped"
mumbai,tulip realty,Tulip Realty,0,,,,,"GOOGLE_MAPS_API_KEY not set, lookup skipped"
mumbai,tushar surekha,Tushar Surekha,0,,,,,"GOOGLE_MAPS_API_KEY not set, lookup skipped"
mumbai,uniq consultancy,Uniq Consultancy,0,,,,,"GOOGLE_MAPS_API_KEY not set, lookup skipped"
mumbai,urbankeys reality,Urbankeys Reality,0,,,,,"GOOGLE_MAPS_API_KEY not set, lookup skipped"
mumbai,uttam property consultants,Uttam Property Consultants,0,,,,,"GOOGLE_MAPS_API_KEY not set, lookup skipped"
mumbai,value estates,Value Estates,0,,,,,"GOOGLE_MAPS_API_KEY not set, lookup skipped"
mumbai,value play ventures llp,Value Play Ventures LLP,0,,,,,"GOOGLE_MAPS_API_KEY not set, lookup skipped"
mumbai,vantage properties,Vantage Properties,0,,,,,"GOOGLE_MAPS_API_KEY not set, lookup skipped"
mumbai,vastu tathastu property consultant,Vastu Tathastu Property Consultant,0,,,,,"GOOGLE_MAPS_API_KEY not set, lookup skipped"
mumbai,vibrant group,Vibrant Group,0,,,,,"GOOGLE_MAPS_API_KEY not set, lookup skipped"
mumbai,vijay jain,Vijay Jain,0,,,,,"GOOGLE_MAPS_API_KEY not set, lookup skipped"
mumbai,vijay more,Vijay More,0,,,,,"GOOGLE_MAPS_API_KEY not set, lookup skipped"
mumbai,vikram java,Vikram Java,0,,,,,"GOOGLE_MAPS_API_KEY not set, lookup skipped"
mumbai,vikram khude,Vikram Khude,0,,,,,"GOOGLE_MAPS_API_KEY not set, lookup skipped"
mumbai,vikram lulla,Vikram Lulla,0,,,,,"GOOGLE_MAPS_API_KEY not set, lookup skipped"
mumbai,vinay tiwari,Vinay Tiwari,0,,,,,"GOOGLE_MAPS_API_KEY not set, lookup skipped"
mumbai,vintage property consultancy,Vintage Property Consultancy,0,,,,,"GOOGLE_MAPS_API_KEY not set, lookup skipped"
mumbai,vishal property consultant,Vishal Property Consultant,0,,,,,"GOOGLE_MAPS_API_KEY not set, lookup skipped"
mumbai,vishwakarma enterprises,Vishwakarma Enterprises,0,,,,,"GOOGLE_MAPS_API_KEY not set, lookup skipped"
mumbai,vision earth realtors,Vision Earth Realtors,0,,,,,"GOOGLE_MAPS_API_KEY not set, lookup skipped"
mumbai,vivaan property consultant,Vivaan Property Consultant,0,,,,,"GOOGLE_MAPS_API_KEY not set, lookup skipped"
mumbai,vkm property consultants,VKM Property Consultants,0,,,,,"GOOGLE_MAPS_API_KEY not set, lookup skipped"
mumbai,xclusive properties,Xclusive Properties,0,,,,,"GOOGLE_MAPS_API_KEY not set, lookup skipped"
mumbai,yellow spaces,Yellow Spaces,0,,,,,"GOOGLE_MAPS_API_KEY not set, lookup skipped"
mumbai,yes property,Yes Property,0,,,,,"GOOGLE_MAPS_API_KEY not set, lookup skipped"
mumbai,yogi real estate agents,Yogi Real Estate Agents,0,,,,,"GOOGLE_MAPS_API_KEY not set, lookup skipped"
mumbai,zerobro,Zerobro,0,,,,,"GOOGLE_MAPS_API_KEY not set, lookup skipped"
pune,1 roof properties,1 Roof Properties,0,,,,,"GOOGLE_MAPS_API_KEY not set, lookup skipped"
pune,3 pillars realty,3 Pillars Realty,0,,,,,"GOOGLE_MAPS_API_KEY not set, lookup skipped"
pune,a b propbricks,A B Propbricks,0,,,,,"GOOGLE_MAPS_API_KEY not set, lookup skipped"
pune,a k properties,A K Properties,0,,,,,"GOOGLE_MAPS_API_KEY not set, lookup skipped"
pune,a square solutions,A Square Solutions,0,,,,,"GOOGLE_MAPS_API_KEY not set, lookup skipped"
pune,a7 properties,A7 Properties,0,,,,,"GOOGLE_MAPS_API_KEY not set, lookup skipped"
pune,aarti real estate,Aarti Real Estate,0,,,,,"GOOGLE_MAPS_API_KEY not set, lookup skipped"
pune,abhay rathod,Abhay Rathod,0,,,,,"GOOGLE_MAPS_API_KEY not set, lookup skipped"
pune,absolute living property services,Absolute Living Property Services,0,,,,,"GOOGLE_MAPS_API_KEY not set, lookup skipped"
pune,akshay,Akshay,0,,,,,"GOOGLE_MAPS_API_KEY not set, lookup skipped"
pune,altura realty llp,Altura Realty LLP,0,,,,,"GOOGLE_MAPS_API_KEY not set, lookup skipped"
pune,amigos estate,Amigos Estate,0,,,,,"GOOGLE_MAPS_API_KEY not set, lookup skipped"
pune,anjul yogi,Anjul Yogi,0,,,,,"GOOGLE_MAPS_API_KEY not set, lookup skipped"
pune,anuj mishra,Anuj Mishra,0,,,,,"GOOGLE_MAPS_API_KEY not set, lookup skipped"
pune,associate,Associate,0,,,,,"GOOGLE_MAPS_API_KEY not set, lookup skipped"
pune,atharva ventures,Atharva Ventures,0,,,,,"GOOGLE_MAPS_API_KEY not set, lookup skipped"
pune,atul patole,ATUL PATOLE,0,,,,,"GOOGLE_MAPS_API_KEY not set, lookup skipped"
pune,avenue homes & properties,Avenue Homes & Properties,0,,,,,"GOOGLE_MAPS_API_KEY not set, lookup skipped"
pune,avenue realty,Avenue Realty,0,,,,,"GOOGLE_MAPS_API_KEY not set, lookup skipped"
pune,awanish singh,Awanish Singh,0,,,,,"GOOGLE_MAPS_API_KEY not set, lookup skipped"
pune,ayansh broker club llp,Ayansh Broker Club LLP,0,,,,,"GOOGLE_MAPS_API_KEY not set, lookup skipped"
pune,b square realty,B Square Realty,0,,,,,"GOOGLE_MAPS_API_KEY not set, lookup skipped"
pune,bhaskar patil,Bhaskar Patil,0,,,,,"GOOGLE_MAPS_API_KEY not set, lookup skipped"
pune,bld realtors,BLD Realtors,0,,,,,"GOOGLE_MAPS_API_KEY not set, lookup skipped"
pune,blue square realty,Blue Square Realty,0,,,,,"GOOGLE_MAPS_API_KEY not set, lookup skipped"
pune,blumoon realty,Blumoon Realty,0,,,,,"GOOGLE_MAPS_API_KEY not set, lookup skipped"
pune,brickwise property,Brickwise Property,0,,,,,"GOOGLE_MAPS_API_KEY not set, lookup skipped"
pune,brixton homes,Brixton Homes,0,,,,,"GOOGLE_MAPS_API_KEY not set, lookup skipped"
pune,bulls eye property solution,Bulls Eye Property Solution,0,,,,,"GOOGLE_MAPS_API_KEY not set, lookup skipped"
pune,bvg properties,BVG Properties,0,,,,,"GOOGLE_MAPS_API_KEY not set, lookup skipped"
pune,champion properties,Champion Properties,0,,,,,"GOOGLE_MAPS_API_KEY not set, lookup skipped"
pune,city real estate,City Real Estate,0,,,,,"GOOGLE_MAPS_API_KEY not set, lookup skipped"
pune,clear deals property,Clear Deals Property,0,,,,,"GOOGLE_MAPS_API_KEY not set, lookup skipped"
pune,dinesh realtors,Dinesh Realtors,0,,,,,"GOOGLE_MAPS_API_KEY not set, lookup skipped"
pune,divine realtors,Divine Realtors,0,,,,,"GOOGLE_MAPS_API_KEY not set, lookup skipped"
pune,dnyanesh jadhavrao,Dnyanesh Jadhavrao,0,,,,,"GOOGLE_MAPS_API_KEY not set, lookup skipped"
pune,dream home properties,Dream Home Properties,0,,,,,"GOOGLE_MAPS_API_KEY not set, lookup skipped"
pune,dream home real estate consultancy,Dream Home Real Estate Consultancy,0,,,,,"GOOGLE_MAPS_API_KEY not set, lookup skipped"
pune,dreamz realty,Dreamz Realty,0,,,,,"GOOGLE_MAPS_API_KEY not set, lookup skipped"
pune,elite24,Elite24,0,,,,,"GOOGLE_MAPS_API_KEY not set, lookup skipped"
pune,eon properties,EON Properties,0,,,,,"GOOGLE_MAPS_API_KEY not set, lookup skipped"
pune,estate folio realty,Estate Folio Realty,0,,,,,"GOOGLE_MAPS_API_KEY not set, lookup skipped"
pune,foresight properties,Foresight Properties,0,,,,,"GOOGLE_MAPS_API_KEY not set, lookup skipped"
pune,foresight real infra llp,Foresight Real Infra LLP,0,,,,,"GOOGLE_MAPS_API_KEY not set, lookup skipped"
pune,four pillars,Four Pillars,0,,,,,"GOOGLE_MAPS_API_KEY not set, lookup skipped"
pune,gandhi estates,Gandhi Estates,0,,,,,"GOOGLE_MAPS_API_KEY not set, lookup skipped"
pune,gaurav properties and investment consultants,Gaurav Properties And Investment Consultants,0,,,,,"GOOGLE_MAPS_API_KEY not set, lookup skipped"
pune,gurupa properties & services,Gurupa Properties & Services,0,,,,,"GOOGLE_MAPS_API_KEY not set, lookup skipped"
pune,happy homez,Happy Homez,0,,,,,"GOOGLE_MAPS_API_KEY not set, lookup skipped"
pune,harsh enterprises,Harsh Enterprises,0,,,,,"GOOGLE_MAPS_API_KEY not set, lookup skipped"
pune,highstreet realty,Highstreet Realty,0,,,,,"GOOGLE_MAPS_API_KEY not set, lookup skipped"
pune,hiranandani properties,Hiranandani Properties,0,,,,,"GOOGLE_MAPS_API_KEY not set, lookup skipped"
pune,homebeats realty,Homebeats Realty,0,,,,,"GOOGLE_MAPS_API_KEY not set, lookup skipped"
pune,homes hub,Homes HUB,0,,,,,"GOOGLE_MAPS_API_KEY not set, lookup skipped"
pune,honey realtors,Honey Realtors,0,,,,,"GOOGLE_MAPS_API_KEY not set, lookup skipped"
pune,housing story pvt ltd,Housing Story Pvt Ltd,0,,,,,"GOOGLE_MAPS_API_KEY not set, lookup skipped"
pune,i book my home,I Book My Home,0,,,,,"GOOGLE_MAPS_API_KEY not set, lookup skipped"
pune,indi props overseas services,Indi Props Overseas Services,0,,,,,"GOOGLE_MAPS_API_KEY not set, lookup skipped"
pune,infinity properties,Infinity Properties,0,,,,,"GOOGLE_MAPS_API_KEY not set, lookup skipped"
pune,insta property hint,Insta Property Hint,0,,,,,"GOOGLE_MAPS_API_KEY not set, lookup skipped"
pune,jain group properties,Jain Group Properties,0,,,,,"GOOGLE_MAPS_API_KEY not set, lookup skipped"
pune,jay real estate consultant,Jay Real Estate Consultant,0,,,,,"GOOGLE_MAPS_API_KEY not set, lookup skipped"
pune,jsk realtors,JSK Realtors,0,,,,,"GOOGLE_MAPS_API_KEY not set, lookup skipped"
pune,kargil properties,Kargil Properties,0,,,,,"GOOGLE_MAPS_API_KEY not set, lookup skipped"
pune,katariya estate,Katariya Estate,0,,,,,"GOOGLE_MAPS_API_KEY not set, lookup skipped"
pune,kharadi real estate,Kharadi Real Estate,0,,,,,"GOOGLE_MAPS_API_KEY not set, lookup skipped"
pune,kr properties,KR Properties,0,,,,,"GOOGLE_MAPS_API_KEY not set, lookup skipped"
pune,kr real estate,KR Real Estate,0,,,,,"GOOGLE_MAPS_API_KEY not set, lookup skipped"
pune,kuber realtors,Kuber Realtors,0,,,,,"GOOGLE_MAPS_API_KEY not set, lookup skipped"
pune,lahanuji enterprises,Lahanuji Enterprises,0,,,,,"GOOGLE_MAPS_API_KEY not set, lookup skipped"
pune,lakshsiddh ventures pvt. ltd,Lakshsiddh Ventures Pvt. Ltd,0,,,,,"GOOGLE_MAPS_API_KEY not set, lookup skipped"
pune,lexis realty,Lexis Realty,0,,,,,"GOOGLE_MAPS_API_KEY not set, lookup skipped"
pune,lifestyle estates,Lifestyle Estates,0,,,,,"GOOGLE_MAPS_API_KEY not set, lookup skipped"
pune,livingspace realty,LIVINGSPACE REALTY,0,,,,,"GOOGLE_MAPS_API_KEY not set, lookup skipped"
pune,luxliving realty,Luxliving Realty,0,,,,,"GOOGLE_MAPS_API_KEY not set, lookup skipped"
pune,m s real estate consultants,M S Real Estate Consultants,0,,,,,"GOOGLE_MAPS_API_KEY not set, lookup skipped"
pune,mahindra lifespace developers ltd.,Mahindra Lifespace Developers Ltd.,0,,,,,"GOOGLE_MAPS_API_KEY not set, lookup skipped"
pune,marvel properties,Marvel Properties,0,,,,,"GOOGLE_MAPS_API_KEY not set, lookup skipped"
pune,matrix realtor,Matrix Realtor,0,,,,,"GOOGLE_MAPS_API_KEY not set, lookup skipped"
pune,milestone properties,Milestone Properties,0,,,,,"GOOGLE_MAPS_API_KEY not set, lookup skipped"
pune,mishra properties,Mishra Properties,0,,,,,"GOOGLE_MAPS_API_KEY not set, lookup skipped"
pune,nancy acharya,Nancy Acharya,0,,,,,"GOOGLE_MAPS_API_KEY not set, lookup skipped"
pune,national properties,National Properties,0,,,,,"GOOGLE_MAPS_API_KEY not set, lookup skipped"
pune,navnit aditya,Navnit Aditya,0,,,,,"GOOGLE_MAPS_API_KEY not set, lookup skipped"
pune,nayaa property services pvt ltd,Nayaa Property Services Pvt Ltd,0,,,,,"GOOGLE_MAPS_API_KEY not set, lookup skipped"
pune,neetikesh shelke,Neetikesh Shelke,0,,,,,"GOOGLE_MAPS_API_KEY not set, lookup skipped"
pune,nest seekers,Nest Seekers,0,,,,,"GOOGLE_MAPS_API_KEY not set, lookup skipped"
pune,nestor properties,Nestor Properties,0,,,,,"GOOGLE_MAPS_API_KEY not set, lookup skipped"
pune,nexus realttors,Nexus Realttors,0,,,,,"GOOGLE_MAPS_API_KEY not set, lookup skipped"
pune,nimbleland infracon llp,Nimbleland Infracon LLP,0,,,,,"GOOGLE_MAPS_API_KEY not set, lookup skipped"
pune,nirvana homes,Nirvana Homes,0,,,,,"GOOGLE_MAPS_API_KEY not set, lookup skipped"
pune,no to brokerage,No To Brokerage,0,,,,,"GOOGLE_MAPS_API_KEY not set, lookup skipped"
pune,"ocean konnect, property consultants","Ocean Konnect, Property Consultants",0,,,,,"GOOGLE_MAPS_API_KEY not set, lookup skipped"
pune,om real estate,Om Real Estate,0,,,,,"GOOGLE_MAPS_API_KEY not set, lookup skipped"
pune,om sai enterprises,Om Sai Enterprises,0,,,,,"GOOGLE_MAPS_API_KEY not set, lookup skipped"
pune,optimum nest property consultants pvt ltd,Optimum Nest Property Consultants Pvt Ltd,0,,,,,"GOOGLE_MAPS_API_KEY not set, lookup skipped"
pune,ozone properties,Ozone Properties,0,,,,,"GOOGLE_MAPS_API_KEY not set, lookup skipped"
pune,padale properties,Padale Properties,0,,,,,"GOOGLE_MAPS_API_KEY not set, lookup skipped"
pune,pal realty ventures pvt ltd,Pal Realty Ventures Pvt Ltd,0,,,,,"GOOGLE_MAPS_API_KEY not set, lookup skipped"
pune,pan india realty,Pan India Realty,0,,,,,"GOOGLE_MAPS_API_KEY not set, lookup skipped"
pune,pearl quest associates pvt. ltd.,Pearl Quest Associates Pvt. Ltd.,0,,,,,"GOOGLE_MAPS_API_KEY not set, lookup skipped"
pune,pinata consultants pvt ltd,Pinata Consultants Pvt Ltd,0,,,,,"GOOGLE_MAPS_API_KEY not set, lookup skipped"
pune,poona properties adviser,Poona Properties Adviser,0,,,,,"GOOGLE_MAPS_API_KEY not set, lookup skipped"
pune,pradip haldar,Pradip Haldar,0,,,,,"GOOGLE_MAPS_API_KEY not set, lookup skipped"
pune,pramila,Pramila,0,,,,,"GOOGLE_MAPS_API_KEY not set, lookup skipped"
pune,prathmesh properties,Prathmesh Properties,0,,,,,"GOOGLE_MAPS_API_KEY not set, lookup skipped"
pune,prem jadhav,Prem Jadhav,0,,,,,"GOOGLE_MAPS_API_KEY not set, lookup skipped"
pune,premium plus properties,Premium Plus Properties,0,,,,,"GOOGLE_MAPS_API_KEY not set, lookup skipped"
pune,pride and property,Pride And Property,0,,,,,"GOOGLE_MAPS_API_KEY not set, lookup skipped"
pune,pride realty,Pride Realty,0,,,,,"GOOGLE_MAPS_API_KEY not set, lookup skipped"
pune,prime home pune,Prime Home Pune,0,,,,,"GOOGLE_MAPS_API_KEY not set, lookup skipped"
pune,prop biz advisors pvt. ltd,Prop Biz Advisors Pvt. Ltd,0,,,,,"GOOGLE_MAPS_API_KEY not set, lookup skipped"
pune,prop esta realty solutions,Prop Esta Realty Solutions,0,,,,,"GOOGLE_MAPS_API_KEY not set, lookup skipped"
pune,prop india,Prop India,0,,,,,"GOOGLE_MAPS_API_KEY not set, lookup skipped"
pune,prop keepers,Prop Keepers,0,,,,,"GOOGLE_MAPS_API_KEY not set, lookup skipped"
pune,prop sure solutions,Prop Sure Solutions,0,,,,,"GOOGLE_MAPS_API_KEY not set, lookup skipped"
pune,prop-g realty,PROP-G REALTY,0,,,,,"GOOGLE_MAPS_API_KEY not set, lookup skipped"
pune,properties united,Properties United,0,,,,,"GOOGLE_MAPS_API_KEY not set, lookup skipped"
pune,property bay,Property Bay,0,,,,,"GOOGLE_MAPS_API_KEY not set, lookup skipped"
pune,property connect,Property Connect,0,,,,,"GOOGLE_MAPS_API_KEY not set, lookup skipped"
pune,property dot com,Property Dot Com,0,,,,,"GOOGLE_MAPS_API_KEY not set, lookup skipped"
pune,property experts,Property Experts,0,,,,,"GOOGLE_MAPS_API_KEY not set, lookup skipped"
pune,property folks advisory pvt ltd,Property Folks Advisory Pvt Ltd,0,,,,,"GOOGLE_MAPS_API_KEY not set, lookup skipped"
pune,property for sale pune dotcom,Property For Sale Pune Dotcom,0,,,,,"GOOGLE_MAPS_API_KEY not set, lookup skipped"
pune,property plan it,Property Plan It,0,,,,,"GOOGLE_MAPS_API_KEY not set, lookup skipped"
pune,property plus,Property Plus,0,,,,,"GOOGLE_MAPS_API_KEY not set, lookup skipped"
pune,propkey solution,Propkey Solution,0,,,,,"GOOGLE_MAPS_API_KEY not set, lookup skipped"
pune,propland advisor,Propland Advisor,0,,,,,"GOOGLE_MAPS_API_KEY not set, lookup skipped"
pune,propndeals realty pvt. ltd.,Propndeals Realty Pvt. Ltd.,0,,,,,"GOOGLE_MAPS_API_KEY not set, lookup skipped"
pune,propserve ventures llp,PROPSERVE VENTURES LLP,0,,,,,"GOOGLE_MAPS_API_KEY not set, lookup skipped"
pune,prowave consultants,Prowave Consultants,0,,,,,"GOOGLE_MAPS_API_KEY not set, lookup skipped"
pune,pune infra,Pune Infra,0,,,,,"GOOGLE_MAPS_API_KEY not set, lookup skipped"
pune,pune property investor,Pune Property Investor,0,,,,,"GOOGLE_MAPS_API_KEY not set, lookup skipped"
pune,pune shelters,Pune Shelters,0,,,,,"GOOGLE_MAPS_API_KEY not set, lookup skipped"
pune,qubic realty,Qubic Realty,0,,,,,"GOOGLE_MAPS_API_KEY not set, lookup skipped"
pune,r k.properties,R K.Properties,0,,,,,"GOOGLE_MAPS_API_KEY not set, lookup skipped"
pune,rajmudra reality,Rajmudra Reality,0,,,,,"GOOGLE_MAPS_API_KEY not set, lookup skipped"
pune,rajput realtor,Rajput Realtor,0,,,,,"GOOGLE_MAPS_API_KEY not set, lookup skipped"
pune,ranka,Ranka,0,,,,,"GOOGLE_MAPS_API_KEY not set, lookup skipped"
pune,realtors compass,Realtors Compass,0,,,,,"GOOGLE_MAPS_API_KEY not set, lookup skipped"
pune,realtors estate consultants,Realtors Estate Consultants,0,,,,,"GOOGLE_MAPS_API_KEY not set, lookup skipped"
pune,realty check,Realty Check,0,,,,,"GOOGLE_MAPS_API_KEY not set, lookup skipped"
pune,realty roof,Realty Roof,0,,,,,"GOOGLE_MAPS_API_KEY not set, lookup skipped"
pune,reliable estates,Reliable Estates,0,,,,,"GOOGLE_MAPS_API_KEY not set, lookup skipped"
pune,right keyz reality,Right Keyz Reality,0,,,,,"GOOGLE_MAPS_API_KEY not set, lookup skipped"
pune,right value realtor,Right Value Realtor,0,,,,,"GOOGLE_MAPS_API_KEY not set, lookup skipped"
pune,rita patni,Rita Patni,0,,,,,"GOOGLE_MAPS_API_KEY not set, lookup skipped"
pune,rk realty solutions,RK Realty Solutions,0,,,,,"GOOGLE_MAPS_API_KEY not set, lookup skipped"
pune,roy properties,Roy Properties,0,,,,,"GOOGLE_MAPS_API_KEY not set, lookup skipped"
pune,royal realty,Royal Realty,0,,,,,"GOOGLE_MAPS_API_KEY not set, lookup skipped"
pune,royal star properties,Royal Star Properties,0,,,,,"GOOGLE_MAPS_API_KEY not set, lookup skipped"
pune,rushub,Rushub,0,,,,,"GOOGLE_MAPS_API_KEY not set, lookup skipped"
pune,s k properties,S K Properties,0,,,,,"GOOGLE_MAPS_API_KEY not set, lookup skipped"
pune,sachan property,Sachan Property,0,,,,,"GOOGLE_MAPS_API_KEY not set, lookup skipped"
pune,sachin,Sachin,0,,,,,"GOOGLE_MAPS_API_KEY not set, lookup skipped"
pune,sahara properties,Sahara Properties,0,,,,,"GOOGLE_MAPS_API_KEY not set, lookup skipped"
pune,sai dreeam homes,Sai Dreeam Homes,0,,,,,"GOOGLE_MAPS_API_KEY not set, lookup skipped"
pune,sai realtors,Sai Realtors,0,,,,,"GOOGLE_MAPS_API_KEY not set, lookup skipped"
pune,saifahmed faizahmed bhayani,Saifahmed Faizahmed Bhayani,0,,,,,"GOOGLE_MAPS_API_KEY not set, lookup skipped"
pune,samir chopra,Samir Chopra,0,,,,,"GOOGLE_MAPS_API_KEY not set, lookup skipped"
pune,sankalp consultants,Sankalp Consultants,0,,,,,"GOOGLE_MAPS_API_KEY not set, lookup skipped"
pune,saturn asset world llp,Saturn Asset World LLP,0,,,,,"GOOGLE_MAPS_API_KEY not set, lookup skipped"
pune,satyajit realtors,Satyajit Realtors,0,,,,,"GOOGLE_MAPS_API_KEY not set, lookup skipped"
pune,saurabh singh,Saurabh Singh,0,,,,,"GOOGLE_MAPS_API_KEY not set, lookup skipped"
pune,savi buildcon,Savi Buildcon,0,,,,,"GOOGLE_MAPS_API_KEY not set, lookup skipped"
pune,saykar real estates,Saykar Real Estates,0,,,,,"GOOGLE_MAPS_API_KEY not set, lookup skipped"
pune,shaakuntal properties,Shaakuntal Properties,0,,,,,"GOOGLE_MAPS_API_KEY not set, lookup skipped"
pune,shah properties,Shah Properties,0,,,,,"GOOGLE_MAPS_API_KEY not set, lookup skipped"
pune,sharma enterprises,Sharma Enterprises,0,,,,,"GOOGLE_MAPS_API_KEY not set, lookup skipped"
pune,sharma properties,Sharma Properties,0,,,,,"GOOGLE_MAPS_API_KEY not set, lookup skipped"
pune,shree ganesh real estate,Shree Ganesh Real Estate,0,,,,,"GOOGLE_MAPS_API_KEY not set, lookup skipped"
pune,shree krishna properties,Shree Krishna Properties,0,,,,,"GOOGLE_MAPS_API_KEY not set, lookup skipped"
pune,shree mahalaxmi estate agency,Shree Mahalaxmi Estate Agency,0,,,,,"GOOGLE_MAPS_API_KEY not set, lookup skipped"
pune,shree realty,Shree Realty,0,,,,,"GOOGLE_MAPS_API_KEY not set, lookup skipped"
pune,shubham,Shubham,0,,,,,"GOOGLE_MAPS_API_KEY not set, lookup skipped"
pune,siddharth enterprises,Siddharth Enterprises,0,,,,,"GOOGLE_MAPS_API_KEY not set, lookup skipped"
pune,sigma buildzone,Sigma Buildzone,0,,,,,"GOOGLE_MAPS_API_KEY not set, lookup skipped"
pune,singh properties,Singh Properties,0,,,,,"GOOGLE_MAPS_API_KEY not set, lookup skipped"
pune,sinhagad reality,Sinhagad Reality,0,,,,,"GOOGLE_MAPS_API_KEY not set, lookup skipped"
pune,skybridge realty solutions,Skybridge Realty Solutions,0,,,,,"GOOGLE_MAPS_API_KEY not set, lookup skipped"
pune,sneha property,Sneha Property,0,,,,,"GOOGLE_MAPS_API_KEY not set, lookup skipped"
pune,soham enterprises,Soham Enterprises,0,,,,,"GOOGLE_MAPS_API_KEY not set, lookup skipped"
pune,sparkle properties,Sparkle Properties,0,,,,,"GOOGLE_MAPS_API_KEY not set, lookup skipped"
pune,sr realty,SR Realty,0,,,,,"GOOGLE_MAPS_API_KEY not set, lookup skipped"
pune,stable future estate kart,Stable Future Estate Kart,0,,,,,"GOOGLE_MAPS_API_KEY not set, lookup skipped"
pune,sunroof properties,Sunroof Properties,0,,,,,"GOOGLE_MAPS_API_KEY not set, lookup skipped"
pune,sunshine properties,Sunshine Properties,0,,,,,"GOOGLE_MAPS_API_KEY not set, lookup skipped"
pune,surya properties & services,Surya Properties & Services,0,,,,,"GOOGLE_MAPS_API_KEY not set, lookup skipped"
pune,tej properties,Tej Properties,0,,,,,"GOOGLE_MAPS_API_KEY not set, lookup skipped"
pune,the pinnacle property,The Pinnacle Property,0,,,,,"GOOGLE_MAPS_API_KEY not set, lookup skipped"
pune,the property realtor,The Property Realtor,0,,,,,"GOOGLE_MAPS_API_KEY not set, lookup skipped"
pune,the pyramids properties,The Pyramids Properties,0,,,,,"GOOGLE_MAPS_API_KEY not set, lookup skipped"
pune,the resale corner,The Resale Corner,0,,,,,"GOOGLE_MAPS_API_KEY not set, lookup skipped"
pune,tree properties,Tree Properties,0,,,,,"GOOGLE_MAPS_API_KEY not set, lookup skipped"
pune,trisha properties,Trisha Properties,0,,,,,"GOOGLE_MAPS_API_KEY not set, lookup skipped"
pune,true star realty,True Star Realty,0,,,,,"GOOGLE_MAPS_API_KEY not set, lookup skipped"
pune,turtle realtor,Turtle Realtor,0,,,,,"GOOGLE_MAPS_API_KEY not set, lookup skipped"
pune,umbrella properties,Umbrella Properties,0,,,,,"GOOGLE_MAPS_API_KEY not set, lookup skipped"
pune,universal property,Universal Property,0,,,,,"GOOGLE_MAPS_API_KEY not set, lookup skipped"
pune,urban nest reality,Urban Nest Reality,0,,,,,"GOOGLE_MAPS_API_KEY not set, lookup skipped"
pune,valecha desai,Valecha Desai,0,,,,,"GOOGLE_MAPS_API_KEY not set, lookup skipped"
pune,vastu properties,Vastu Properties,0,,,,,"GOOGLE_MAPS_API_KEY not set, lookup skipped"
pune,vidhyapurna properties,Vidhyapurna Properties,0,,,,,"GOOGLE_MAPS_API_KEY not set, lookup skipped"
pune,vighnaharta properties,Vighnaharta Properties,0,,,,,"GOOGLE_MAPS_API_KEY not set, lookup skipped"
pune,vikram,Vikram,0,,,,,"GOOGLE_MAPS_API_KEY not set, lookup skipped"
pune,welcome realty,Welcome Realty,0,,,,,"GOOGLE_MAPS_API_KEY not set, lookup skipped"
pune,western property,Western Property,0,,,,,"GOOGLE_MAPS_API_KEY not set, lookup skipped"
pune,yash properties,Yash Properties,0,,,,,"GOOGLE_MAPS_API_KEY not set, lookup skipped"
pune,yess broker reality llp,Yess Broker Reality LLP,0,,,,,"GOOGLE_MAPS_API_KEY not set, lookup skipped"
pune,yugantika properties,Yugantika Properties,0,,,,,"GOOGLE_MAPS_API_KEY not set, lookup skipped"
